Workbook
Name ListaFuncionarios: 'FUNCIONÁRIOS'!$C$4:$C$997
Name ListaEmpresas: '📋 Empresas'!$B$4:$B$103

Sheet 📋 Empresas
A1: 🏢 CADASTRO DE EMPRESAS
A3: # | B3: EMPRESA | C3: RESPONSÁVEL | D3: TELEFONE | E3: E-MAIL | F3: OBSERVAÇÕES
A4: 1 | B4: PONCIANO SOLUÇÕES | C4: Leo Ponciano | D4: (62) 99999-0001 | E4: leo@ponciano.com.br
A5: 2 | B5: MONTE EVENTOS | C5: EDUARDO HENRIQUE | D5: (61) 99880-4657 | E5: -
A6: 3 | B6: UP MUSIC | C6: RODRIGO BORGES | D6: (00)00000-0000 | E6: -
A7: =4 -> 4 | B7: TJ SERVIÇOS | C7: JESSICA LUZENNYLDES | D7: 61982032161 | E7: tjservicosltda@gmail
A8: =5 -> 5 | B8: FLASH MED | C8: - | D8: - | E8: -
A9: =6 -> 6 | B9: YES | C9: - | D9: - | E9: -
A10: =7 -> 7 | B10: BIGODE | C10: - | D10: - | E10: -
A11: =8 -> 8 | B11: NLEDS LOCAÇÃO - PAINEIS DE LED | C11: ROBSON MARTINS | D11: 62 99971 8380 | E11: nledslocacoes1@gmail.com
A12: =9 -> 9 | B12: ASSOCIAÇÃO ASSUNÇÃO | C12: - | D12: - | E12: -
A13: =10 -> 10 | B13: FABINHO EVENTOS | C13: - | D13: - | E13: -
A14: =11 -> 11 | B14: LINQ | C14: - | D14: - | E14: -
A15: =12 -> 12 | B15: ELEMENT
A16: =13 -> 13 | B16: MIX GERADORES
A17: =14 -> 14 | B17: REISFORT
A18: =15 -> 15 | B18: EL SHADDAI
A19: =16 -> 16 | B19: GO TO
A20: =17 -> 17 | B20: LINE TAPE
A21: =18 -> 18 | B21: GYNLIGHT
A22: =19 -> 19 | B22: DB ESTRUTURA
A23: =20 -> 20 | B23: BIG LIMP
A24: =21 -> 21 | B24: SHOWNEWS
A25: =22 -> 22 | B25: GYN EVENTS
A26: =23 -> 23 | B26: MARIA COLHER DE PAU
A27: =24 -> 24 | B27: VOU DE CHURROS
A28: =25 -> 25 | B28: POPCORN E BENDITO MILHO
A29: =26 -> 26 | B29: CANA JOY
A30: =27 -> 27 | B30: PIZZA GYN
A31: =28 -> 28 | B31: BASE PRO EVENTOS
A32: =29 -> 29 | B32: KOMIKETO
A33: =30 -> 30 | B33: CALAI CHURROS
A34: =31 -> 31 | B34: DORORÔ
A35: =32 -> 32 | B35: GRUPO IZA
A36: =33 -> 33 | B36: LA ESTRUTURA
A37: =34 -> 34 | B37: LATINO
A38: =35 -> 35 | B38: CARVALHO FORROS
A39: =36 -> 36 | B39: VISUAL LIVE
A40: =37 -> 37 | B40: STUDIO K
A41: =38 -> 38 | B41: CANA JOY
A42: =39 -> 39 | B42: ALL ESTRUTURAS
A43: =40 -> 40 | B43: PRIVILEGE EVENTOS
A44: =41 -> 41 | B44: STUDIO K MULTI EVENTOS LTDA | C44: Carlos José Melo Nunes | D44: (62) 99975-1177 | E44: carlosmelo@studiok.com.br
A45: =42 -> 42 | B45: COMPLEXO SERRA DOURADA
A46: =43 -> 43 | B46: mobile 2000
A47: =44 -> 44 | B47: YES
A48: =45 -> 45 | B48: MINAS PIPOCA
A49: =46 -> 46 | B49: GOYA
A50: =47 -> 47 | B50: IPRILUX
A51: =48 -> 48 | B51: NR CAMINHOES
A52: =49 -> 49 | B52: DORORO
A53: =50 -> 50 | B53: VOLUNTÁRIO
A54: =51 -> 51 | B54: ASSESSORIA DE IMPRENSA
A55: =52 -> 52 | B55: VALADARES EVENTOS
A56: =53 -> 53 | B56: PUBLIC ADDRESS
A57: =54 -> 54 | B57: siate
A58: =55 -> 55 | B58: raçudao
A59: =56 -> 56 | B59: PESTASOL
A60: =57 -> 57 | B60: CHURROS CALAIS
A61: =58 -> 58 | B61: TENDAS E CIA
A62: =59 -> 59 | B62: SHARA
A63: =60 -> 60 | B63: X-FLOOR
A64: =61 -> 61 | B64: SENAC
A65: =62 -> 62 | B65: RADIO MARIA
A66: =63 -> 63 | B66: MAIS BEBIDAS
A67: =64 -> 64 | B67: GRUPO EMEP
A68: =65 -> 65 | B68: NOVA CORTE
A69: =66 -> 66 | B69: VELUTE LEONES CARPETES
A70: =67 -> 67 | B70: AMBULANTE
A71: =68 -> 68 | B71: MEU BILHETE
A72: =69 -> 69
A73: =70 -> 70
A74: =71 -> 71
A75: =72 -> 72
A76: =73 -> 73
A77: =74 -> 74
A78: =75 -> 75
A79: =76 -> 76
A80: =77 -> 77
A81: =78 -> 78
A82: =79 -> 79
A83: =80 -> 80
A84: =81 -> 81
A85: =82 -> 82
A86: =83 -> 83
A87: =84 -> 84
A88: =85 -> 85
A89: =86 -> 86
A90: =87 -> 87
A91: =88 -> 88
A92: =89 -> 89
A93: =90 -> 90
A94: =91 -> 91
A95: =92 -> 92
A96: =93 -> 93
A97: =94 -> 94
A98: =95 -> 95
A99: =96 -> 96
A100: =97 -> 97

Sheet FUNCIONÁRIOS
A1: 👤 CADASTRO DE FUNCIONÁRIOS
A3: # | B3: EMPRESA (selecione ▼) | C3: NOME COMPLETO | D3: FUNÇÃO / CARGO | E3: COORDENADOR? | F3: CPF | G3: TELEFONE | H3: ÁREA DE ACESSO
A4: 2 | B4: PONCIANO SOLUÇÕES | C4: ALICE RIBEIRO LEITE | D4: CREDENCIAMENTO | E4: NÃO | F4: 4620015121 | G4: 62982916484 | H4: TODOS
A5: 3 | B5: MONTE EVENTOS | C5: Juan Miguel | D5: MONTADOR | E5: NÃO | F5: 8952559100 | G5: 62998333684 | H5: TODOS
A6: 4 | B6: MONTE EVENTOS | C6: kauan de Souza Morais | D6: MONTADOR | E6: NÃO | F6: 9637889140 | G6: 61996107028 | H6: TODOS
A7: 5 | B7: MONTE EVENTOS | C7: Gustavo Danilo Costa Tavares | D7: MONTADOR | E7: NÃO | F7: 8419797154 | G7: 61992655463 | H7: TODOS
A8: 6 | B8: MONTE EVENTOS | C8: Luis Felipe Cruz da Silva | D8: MONTADOR | E8: NÃO | F8: 8072713140 | G8: 619858702161 | H8: TODOS
A9: 7 | B9: UP MUSIC | C9: ROBSON MORERIRA MARTINS | D9: PRODUTOR DE PALCO | E9: NÃO | F9: 591.817.451-68 | G9: 62999718380 | H9: TODOS
A10: 8 | B10: MONTE EVENTOS | C10: Hildebrando Ferreira de Souza | D10: MONTADOR | E10: NÃO | F10: 58377484153 | G10: 61998117475 | H10: TODOS
A11: 9 | B11: MONTE EVENTOS | C11: Yago Oliveira de Souza | D11: MONTADOR | E11: NÃO | F11: 7899703174 | G11: 61998117475 | H11: TODOS
A12: 10 | B12: MONTE EVENTOS | C12: Ruan Andrade Braga | D12: MONTADOR | E12: NÃO | F12: 7630645139 | G12: 61984536021 | H12: TODOS
A13: 11 | B13: MONTE EVENTOS | C13: Genário da conceição Diniz | D13: MONTADOR | E13: NÃO | F13: 9092993158 | G13: 619815309541 | H13: TODOS
A14: 12 | B14: MONTE EVENTOS | C14: Eduardo Henrique do lago Ramos | D14: COORDENADOR/CEO | E14: SIM | F14: 98158961134 | G14: 619988046571 | H14: TODOS
A15: 13 | B15: MONTE EVENTOS | C15: Alessandro santos da Silva | D15: MONTADOR | E15: NÃO | F15: 69755167153 | G15: 61992512129 | H15: TODOS
A16: 14 | B16: MONTE EVENTOS | C16: Taylon Vitor Soares de Alencar | D16: MONTADOR | E16: NÃO | F16: 2673333312 | G16: 61981746685 | H16: TODOS
A17: 15 | B17: MONTE EVENTOS | C17: Sidney Marcelinho Martins | D17: MONTADOR | E17: NÃO | F17: 3078304116 | G17: 62993467519 | H17: TODOS
A18: 16 | B18: MONTE EVENTOS | C18: Willames David Lima dos santos | D18: MONTADOR | E18: NÃO | F18: 123.443.794-52 | G18: 61991318333 | H18: TODOS
A19: 17 | B19: MONTE EVENTOS | C19: José Wellingtom | D19: MONTADOR | E19: NÃO | F19: 12716279497 | G19: 61982376265 | H19: TODOS
A20: 18 | B20: MONTE EVENTOS | C20: Leonardo de Andrade Estevão | D20: MONTADOR | E20: NÃO | F20: 7235181141 | G20: 61996704390 | H20: TODOS
A21: 19 | B21: MONTE EVENTOS | C21: Washington Carlos Nascimento Costa | D21: MONTADOR | E21: NÃO | F21: 7372119111 | G21: 61995712311 | H21: TODOS
A22: 20 | B22: MONTE EVENTOS | C22: Hananias Sousa Alves dos santos | D22: MONTADOR | E22: NÃO | F22: 2941450106 | G22: 61993972049 | H22: TODOS
A23: 21 | B23: MONTE EVENTOS | C23: Erik natan Lopes Machado | D23: MONTADOR | E23: NÃO | F23: 9829266184 | G23: 61993159807 | H23: TODOS
A24: 22 | B24: MONTE EVENTOS | C24: Renato de Araújo Morais | D24: MONTADOR | E24: NÃO | F24: 055480406-93 | G24: 61998524652 | H24: TODOS
A25: 23 | B25: MONTE EVENTOS | C25: Guilherme Silva dos Anjos | D25: MONTADOR | E25: NÃO | F25: 8480857102 | G25: 68974008638 | H25: TODOS
A26: 24 | B26: TJ SERVIÇOS | C26: Andressa Santana Dias | D26: BRIGADISTA | E26: NÃO | F26: 71041320177 | G26: 62994398006 | H26: TODOS
A27: 25 | B27: TJ SERVIÇOS | C27: JESSICA LUZENNYLDES GOUVEIA FERREIRA | D27: COORDENADOR/CEO | E27: SIM | F27: 3325063209 | G27: 61982032161 | H27: TODOS
A28: 26 | B28: TJ SERVIÇOS | C28: Marília de Jesus honorato | D28: BRIGADISTA | E28: NÃO | F28: 2768398110 | G28: 62982800037 | H28: TODOS
A29: 27 | B29: FLASH MED | C29: Edna Maria da Silva Olívia | D29: SOCORRITA | E29: NÃO | F29: 38086379191 | G29: 62991017458 | H29: TODOS
A30: 28 | B30: FLASH MED | C30: Ricardo Souza dos santos | D30: SOCORRITA | E30: NÃO | F30: 83961712115 | G30: 62984819874 | H30: TODOS
A31: 29 | B31: YES | C31: Wagner Martins lira | D31: TEC SEGURANÇA | E31: NÃO | F31: 69557764104 | G31: 62994720044 | H31: TODOS
A32: 30 | B32: UP MUSIC | C32: Fernando Rosa dos Reis | D32: PRODUTOR | E32: NÃO | F32: 711022152 | H32: TODOS
A33: 31 | B33: BIGODE | C33: Vinicius Monteiro Silva | D33: CONTROLE DE ACESSO | E33: NÃO | F33: 908970137 | G33: 62998060973 | H33: TODOS
A34: 32 | B34: BIGODE | C34: Ronara Moreira Borges Meireles | D34: CONTROLE DE ACESSO | E34: NÃO | F34: 6530814132 | G34: 62994417671 | H34: TODOS
A35: 33 | C35: KLEBIO DOS REIS SILVA | D35: OPERADOR DE EMPILHADEIRA | E35: NÃO | F35: 854518193 | G35: 62982259494 | H35: TODOS
A36: 34 | B36: NLEDS LOCAÇÃO - PAINEIS DE LED | C36: FELIPE ALVES ANGELI | D36: TÉCNICO DE MONTAGEM DE PAINÉIS DE LED | E36: NÃO | F36: 701.526.281-93 | H36: TODOS
A37: 35 | B37: NLEDS LOCAÇÃO - PAINEIS DE LED | C37: DEYVID DA SILVA RODRIGUES | D37: TÉCNICO DE MONTAGEM DE PAINÉIS DE LED | E37: NÃO | F37: 705.433.931-27 | H37: TODOS
A38: 36 | B38: NLEDS LOCAÇÃO - PAINEIS DE LED | C38: CARLOS DANIEL VIEIRA DOS REIS | D38: AUXILIAR DE MONTAGEM DE PAINÉIS DE LED | E38: NÃO | F38: 713.992.111-37 | H38: TODOS
A39: 37 | B39: NLEDS LOCAÇÃO - PAINEIS DE LED | C39: LUCAS RODRIGUES DA SILVA | D39: AUXILIAR DE MONTAGEM DE PAINÉIS DE LED | E39: NÃO | F39: 059.746.271-21 | H39: TODOS
A40: 38 | B40: NLEDS LOCAÇÃO - PAINEIS DE LED | C40: LUIZ GUSTAVO DOS REIS MORAES | D40: AUXILIAR DE MONTAGEM DE PAINÉIS DE LED | E40: NÃO | F40: 077.414.661-35 | H40: TODOS
A41: 39 | B41: NLEDS LOCAÇÃO - PAINEIS DE LED | C41: RIVALDO NUNES DA SILVA | D41: AUXILIAR DE MONTAGEM DE PAINÉIS DE LED | E41: NÃO | F41: 909.034.121-87 | H41: TODOS
A42: 40 | B42: NLEDS LOCAÇÃO - PAINEIS DE LED | C42: EDVANE VIEIRA DOS REIS | D42: AUXILIAR DE MONTAGEM DE PAINÉIS DE LED | E42: NÃO | F42: 707.783.971-06 | H42: TODOS
A43: 41 | B43: NLEDS LOCAÇÃO - PAINEIS DE LED | C43: DANILO PINHEIRO MARTINS | D43: TÉCNICO DE MONTAGEM DE PAINÉIS DE LED | E43: NÃO | F43: 029.026.671-83 | H43: TODOS
A44: 42 | B44: NLEDS LOCAÇÃO - PAINEIS DE LED | C44: WELINGTON FERREIRA DO AMARAL | D44: AUXILIAR DE MONTAGEM DE PAINÉIS DE LED | E44: NÃO | F44: 082.860.061-94 | H44: TODOS
A45: 43 | B45: NLEDS LOCAÇÃO - PAINEIS DE LED | C45: RHYANN FERREIRA LELIS | D45: TÉCNICO DE MONTAGEM DE PAINÉIS DE LED | E45: NÃO | F45: 706.358.061-26 | H45: TODOS
A46: 44 | B46: NLEDS LOCAÇÃO - PAINEIS DE LED | C46: JHONNE SILVA FERREIRA | D46: TÉCNICO DE MONTAGEM DE PAINÉIS DE LED | E46: NÃO | F46: 707.948.031-05 | H46: TODOS
A47: 45 | B47: NLEDS LOCAÇÃO - PAINEIS DE LED | C47: CHRISTIANO CARDOSO PIRES | D47: MOTORISTA | E47: NÃO | F47: 020.333.111-71 | H47: TODOS
... A53: 51 | B53: TJ SERVIÇOS | C53: Thais Soares Silva | D53: COORDENADOR/CEO | E53: SIM | F53: 003.028.321-30 | H53: TODOS
A54: 52 | B54: YES | C54: vinicius Gomes silva | D54: TEC SEGURANÇA | E54: NÃO | F54: 2544500166 | G54: 62991995786 | H54: TODOS
A55: 53 | B55: MONTE EVENTOS | C55: Filipe Pereira de Sousa | D55: montador | E55: NÃO | F55: 13187029642 | G55: 61999563881 | H55: TODOS
A56: 54 | B56: FLASH MED | C56: José Alberto de Oliveira | D56: Socorrista | E56: NÃO | F56: 61204994153 | G56: 62981824613 | H56: TODOS
A57: 55 | B57: MONTE EVENTOS | C57: BRUNO CHAVES E SILVA | D57: DIRETOR | E57: SIM | F57: 90732804191 | G57: 61996092020 | H57: TODOS
A58: 56 | B58: BIGODE | C58: WILKER JUNIO MOREIRA DA CUNHA | D58: CONTROLE DE ACESSO | E58: NÃO | F58: 1494935171 | G58: 62993618317 | H58: TODOS
A59: 57 | B59: ASSOCIAÇÃO ASSUNÇÃO | C59: NERY BATISTA DE OLIVEIRA NETO | D59: ADVOGADO | E59: NÃO | F59: 3727468106 | H59: TODOS
A60: 58 | B60: ASSOCIAÇÃO ASSUNÇÃO | C60: JERRY ADRIANO ROCHA DO CARMO | D60: AUXILIAR ADMINISTRATIVO | E60: NÃO | F60: 1155452127 | H60: TODOS
A61: 59 | B61: ASSOCIAÇÃO ASSUNÇÃO | C61: MICHAEL DOUGLAS CAVAION GOMES | D61: ADMINISTRATIVO | E61: SIM | F61: 70385059124 | H61: TODOS
A62: 60 | C62: DALTON WESLEY SILVA | D62: GERENTE | E62: NÃO | F62: 7433872604 | G62: 62981428070 | H62: TODOS
A63: 61 | B63: FLASH MED | C63: HECTOR PAULO CONCEIÇÃO BELO SANTOS | D63: ENFERMAGEM | E63: NÃO | F63: 715818921-01 | H63: TODOS
A64: 62 | B64: FLASH MED | C64: RAMON LEMES BRAGA | D64: SOCORRISTA | E64: NÃO | F64: 015824751-56 | H64: TODOS
A65: 63 | B65: FLASH MED | C65: SILVIO PEREIRA DA SILVA | D65: SOCORRISTA | E65: NÃO | F65: 693569201-68 | H65: TODOS
A66: 64 | B66: FABINHO EVENTOS | C66: JULIANA CUNHA BARBOSA | D66: PRODUTORA | E66: NÃO | F66: 2111032174 | G66: 62999254758 | H66: TODOS
A67: 65 | B67: LINQ | C67: ANTONIANDER DE JESUS | D67: SUPERVISOR DE LANÇAMENTO | E67: SIM | F67: 73398349153 | G67: 62981170095 | H67: TODOS
A68: 66 | B68: LINQ | C68: DIVINO ETERNO DE MARTINS | D68: SUPERVISOR DE LANÇAMENTO | E68: NÃO | F68: 47621320125 | G68: 62992741778 | H68: TODOS
A69: 67 | B69: YES | C69: SAMANTHA BARREIRA SILVA | D69: TEC SEGURANÇA DO TRABALHO | E69: NÃO | F69: 70027435113 | G69: 62992629872 | H69: TODOS
A70: 68 | B70: GO TO | C70: FELIPE FREIRE REIS | D70: CENOGRAFIA | E70: NÃO | F70: 2794347152 | G70: 62991231243 | H70: TODOS
A71: 69 | B71: FLASH MED | C71: CLAUDIO PIRES MATOS | D71: PROPRIETÁRIO | E71: SIM | F71: 69940800134 | G71: 62984620667 | H71: TODOS
A72: 70 | B72: FLASH MED | C72: JOSÉ ANTONIO PEREIRA NETO | D72: PROPRIETÁRIO | E72: SIM | F72: 35487666172 | G72: 62999555696 | H72: TODOS
A73: 71 | B73: ELEMENT | C73: CARLOS ALBERTO CARNE SOARES | D73: PRODUÇÃO | E73: NÃO | F73: 35051558615 | G73: 34991359090 | H73: TODOS
A74: 72 | C74: ADRIANO SANTOS | D74: TECNICO | E74: NÃO | H74: TODOS
A75: 73 | C75: DAVI SANTO | D75: PRODUTOR | H75: TODOS
A76: 74 | C76: FELIPE REITRE | D76: PRODUTOR | H76: TODOS
A77: 75 | B77: MIX GERADORES | C77: MATHEUS MARTINS DA SILVA | D77: SUPERVISOR | E77: SIM | F77: 5343524133 | G77: 62993631315 | H77: TODOS
A78: 76 | B78: ASSOCIAÇÃO ASSUNÇÃO | C78: JESSICA GOMES DA SILCA LIMA | D78: GERENTE | E78: NÃO | F78: 4772276190 | G78: 61996868267 | H78: TODOS
A79: 77 | B79: ASSOCIAÇÃO ASSUNÇÃO | C79: MARCELO MARTINS MORAIS | D79: VIE PRESIDENTE | E79: NÃO | F79: 71134999100 | G79: 62985961053 | H79: TODOS
A80: 78 | B80: UP MUSIC | C80: JOSE MIGUEL MIRANDA GOMES | D80: PRODUTOR GERAL | E80: SIM | F80: 27229130549 | G80: 71997293137 | H80: TODOS
A81: 79 | B81: EL SHADDAI | C81: LAURO GONÇALVES DE LIMA | D81: ENGENHARIA DE PRODUÇÃO | E81: NÃO | F81: 43823149172 | G81: 62996047193 | H81: TODOS
A82: 80 | B82: EL SHADDAI | C82: ROBSON SILVA | D82: SOLDADOR | E82: NÃO | F82: 2350639240 | G82: 62982947401 | H82: TODOS
A83: 81 | B83: EL SHADDAI | C83: LUCCA MELLO MARINARI | D83: PROPRIETÁRIO | E83: NÃO | F83: 3778710109 | G83: 629919301 | H83: TODOS
A84: 82 | B84: EL SHADDAI | C84: MARCO AURELLIO DE OLIVEIRA | D84: GERENTE | E84: SIM | F84: 90336642153 | G84: 62994023407 | H84: TODOS
A85: 83 | B85: REISFORT | C85: GEOVANE DE ALMEIDA BARBOSA | D85: MONTADOR | E85: NÃO | F85: 7522931215 | G85: 62991471183 | H85: TODOS
A86: 84 | B86: REISFORT | C86: JHONATHHA BARROS SOA | D86: MONTADOR | E86: NÃO | F86: 70857770167 | G86: 62992595800 | H86: TODOS
A87: 85 | B87: REISFORT | C87: WANDELEY ALVES DA SILVA | D87: MONTADOR | E87: NÃO | F87: 59977680159 | G87: 62994221196 | H87: TODOS
A88: 86 | B88: REISFORT | C88: VALDELEY DE OUZA SANTOS | D88: MONTADOR | E88: NÃO | F88: 77016149153 | G88: 62996719925 | H88: TODOS
... A99: 97 | B99: LINE TAPE | C99: ARTHIUR HENRIQUE DE OLIVEIRA SILVA | D99: ILUMINAÇÃO | E99: NÃO | F99: 70684889196 | G99: 62991878239 | H99: TODOS
A100: 98 | B100: GYNLIGHT | C100: Adriano Santos De Morais | D100: Cordenador Técnico | E100: SIM | F100: 760.725.233-9
A101: 99 | B101: GYNLIGHT | C101: Thyson Resplandes da Silva | D101: Auxiliar Técnico em Iluminação | E101: NÃO | F101: 105.604.553-13
A102: 100 | B102: GYNLIGHT | C102: Wellington Dimas Teles Morais | D102: Auxiliar Técnico em Iluminação | E102: NÃO | F102: 046.055.561-84
A103: 101 | B103: GYNLIGHT | C103: Fagner de Oliveira Nascimento | D103: Motorista | E103: NÃO | F103: 601.519.673-42
A104: 102 | B104: GYNLIGHT | C104: Clovis de O. Neves Neto | D104: Técnico em Iluminação | E104: NÃO | F104: 038.974.051-99
A105: 103 | B105: GYNLIGHT | C105: Fernando Henrique Neves Martins | D105: Auxiliar Técnico em Iluminação | E105: NÃO | F105: 065 .065.721-75
A106: 104 | B106: GYNLIGHT | C106: Leandro Da Silva Nogueira | D106: Técnico em Iluminação | E106: NÃO | F106: 020.843.873-45
A107: 105 | B107: GYNLIGHT | C107: Darlison Resplandes da Slva | D107: Auxiliar Técnico em Iluminação | E107: NÃO | F107: 119.362.353-74
A108: 106 | B108: GYNLIGHT | C108: João Pedro Moreira dos Santos | D108: Auxiliar Técnico em Iluminação | E108: NÃO | F108: 045.212.241-48
A109: 107 | B109: GYNLIGHT | C109: José Arnaldo Sanches Junior | D109: Auxiliar Técnico em Iluminação | E109: NÃO | F109: 097.313.761-75
A110: 108 | B110: GYNLIGHT | C110: Marco Aurelio Carneiro Neves | D110: Técnico em Iluminação | E110: NÃO | F110: 095.590.691-10
A111: 109 | B111: GYNLIGHT | C111: Thiago Witallo Alves Coelho Siqueira | D111: Auxiliar Técnico em Iluminação | E111: NÃO | F111: 047.870.001-60
... A121: 119 | B121: GYNLIGHT | C121: Marielton Gomes dos Santos | D121: Resp. Legal da Empresa | E121: NÃO | F121: 775.404.841-87
A122: 120 | B122: PONCIANO SOLUÇÕES | C122: Walison Silva Aguiar | D122: CREDENCIAMENTO | E122: NÃO | F122: 71602553130
A123: 121 | B123: EL SHADDAI | C123: Paulo Henrique da Costa Silva | D123: Montador | E123: NÃO | F123: 2692046102
A124: 122 | B124: EL SHADDAI | C124: Maicon Correa Lopes | D124: Montador | E124: NÃO | F124: 756173812O
A125: 123 | B125: EL SHADDAI | C125: José Resende de Carvalho | D125: motorista | E125: NÃO | F125: 26815117120
...

Sheet ⏱️ Entrada e Saída
A1: ⏱️ CONTROLE DE ENTRADA E SAÍDA — EVENTO
A3: # | B3: NOME (selecione ▼) | C3: EMPRESA | D3: FUNÇÃO | E3: COORD.? | F3: DATA | G3: ⏺ MARCAR ENTRADA (via Menu ⏱️ Ponto) | H3: ENTRADA | I3: ⏺ MARCAR SAÍDA (via Menu ⏱️ Ponto) | J3: SAÍDA | K3: ⏳ HORAS | L3: STATUS
A4: =2 -> 2 | B4: ALICE RIBEIRO LEITE | C4: {=IF(B4="","",IFERROR(INDEX('FUNCIONÁRIOS'!$B$4:$B$501,MATCH(B4,'FUNCIONÁRIOS'!$C$4:$C$501,0)),""))} -> PONCIANO SOLUÇÕES | D4: {=IF(B4="","",IFERROR(INDEX('FUNCIONÁRIOS'!$D$4:$D$501,MATCH(B4,'FUNCIONÁRIOS'!$C$4:$C$501,0)),""))} -> CREDENCIAMENTO | E4: {=IF(B4="","",IFERROR(INDEX('FUNCIONÁRIOS'!$E$4:$E$501,MATCH(B4,'FUNCIONÁRIOS'!$C$4:$C$501,0)),""))} -> NÃO | F4: 46160 | G4: =IF(H4<>"","✅ "&TEXT(H4,"HH:MM"),"→ Selecione a linha e use o menu ⏱️ Ponto") -> ✅ 07:30 | H4: 07:30 | I4: =IF(J4<>"","✅ "&TEXT(J4,"HH:MM"),"→ Selecione a linha e use o menu ⏱️ Ponto") -> ✅ 17:43 | J4: 17:43 | K4: =IF(AND(H4<>"",J4<>""),J4-H4,"") -> 0.42569444 | L4: =IF(AND(H4<>"",J4=""),"🟢 No Evento",IF(AND(H4<>"",J4<>""),"✅ Finalizado",IF(B4<>"","⏳ Não entrou",""))) -> ✅ Finalizado
B5: KLEBIO DOS REIS SILVA | C5: - | D5: OPERADOR DE EMPILHADEIRA | E5: NÃO | F5: 46160 | G5: =IF(H5<>"","✅ "&TEXT(H5,"HH:MM"),"→ Selecione a linha e use o menu ⏱️ Ponto") -> ✅ 08:00 | H5: 08:00 | I5: =IF(J5<>"","✅ "&TEXT(J5,"HH:MM"),"→ Selecione a linha e use o menu ⏱️ Ponto") -> ✅ 17:19 | J5: 17:19 | K5: 0.38263889 | L5: =IF(AND(H5<>"",J5=""),"🟢 No Evento",IF(AND(H5<>"",J5<>""),"✅ Finalizado",IF(B5<>"","⏳ Não entrou",""))) -> ✅ Finalizado
A6: =3 -> 3 | B6: Juan Miguel | C6: {=IF(B6="","",IFERROR(INDEX('FUNCIONÁRIOS'!$B$4:$B$501,MATCH(B6,'FUNCIONÁRIOS'!$C$4:$C$501,0)),""))} -> MONTE EVENTOS | D6: {=IF(B6="","",IFERROR(INDEX('FUNCIONÁRIOS'!$D$4:$D$501,MATCH(B6,'FUNCIONÁRIOS'!$C$4:$C$501,0)),""))} -> MONTADOR | E6: {=IF(B6="","",IFERROR(INDEX('FUNCIONÁRIOS'!$E$4:$E$501,MATCH(B6,'FUNCIONÁRIOS'!$C$4:$C$501,0)),""))} -> NÃO | F6: 46160 | G6: =IF(H6<>"","✅ "&TEXT(H6,"HH:MM"),"→ Selecione a linha e use o menu ⏱️ Ponto") -> ✅ 08:00 | H6: 08:00 | I6: =IF(J6<>"","✅ "&TEXT(J6,"HH:MM"),"→ Selecione a linha e use o menu ⏱️ Ponto") -> ✅ 17:17 | J6: 17:17 | K6: 0.38541667 | L6: =IF(AND(H6<>"",J6=""),"🟢 No Evento",IF(AND(H6<>"",J6<>""),"✅ Finalizado",IF(B6<>"","⏳ Não entrou",""))) -> ✅ Finalizado
A7: =4 -> 4 | B7: ROBSON MORERIRA MARTINS | C7: UP MUSIC | D7: {=IF(B7="","",IFERROR(INDEX('FUNCIONÁRIOS'!$D$4:$D$501,MATCH(B7,'FUNCIONÁRIOS'!$C$4:$C$501,0)),""))} -> PRODUTOR DE PALCO | E7: {=IF(B7="","",IFERROR(INDEX('FUNCIONÁRIOS'!$E$4:$E$501,MATCH(B7,'FUNCIONÁRIOS'!$C$4:$C$501,0)),""))} -> NÃO | F7: 46160 | G7: =IF(H7<>"","✅ "&TEXT(H7,"HH:MM"),"→ Selecione a linha e use o menu ⏱️ Ponto") -> ✅ 11:36 | H7: 11:36 | I7: =IF(J7<>"","✅ "&TEXT(J7,"HH:MM"),"→ Selecione a linha e use o menu ⏱️ Ponto") -> ✅ 17:00 | J7: 0.70833333 | K7: 0.275 | L7: =IF(AND(H7<>"",J7=""),"🟢 No Evento",IF(AND(H7<>"",J7<>""),"✅ Finalizado",IF(B7<>"","⏳ Não entrou",""))) -> ✅ Finalizado
A8: =5 -> 5 | B8: JESSICA LUZENNYLDES GOUVEIA FERREIRA | C8: {=IF(B8="","",IFERROR(INDEX('FUNCIONÁRIOS'!$B$4:$B$501,MATCH(B8,'FUNCIONÁRIOS'!$C$4:$C$501,0)),""))} -> TJ SERVIÇOS | D8: {=IF(B8="","",IFERROR(INDEX('FUNCIONÁRIOS'!$D$4:$D$501,MATCH(B8,'FUNCIONÁRIOS'!$C$4:$C$501,0)),""))} -> COORDENADOR/CEO | E8: {=IF(B8="","",IFERROR(INDEX('FUNCIONÁRIOS'!$E$4:$E$501,MATCH(B8,'FUNCIONÁRIOS'!$C$4:$C$501,0)),""))} -> SIM | F8: 46160 | G8: =IF(H8<>"","✅ "&TEXT(H8,"HH:MM"),"→ Selecione a linha e use o menu ⏱️ Ponto") -> ✅ 08:00 | H8: 0.33333333 | I8: =IF(J8<>"","✅ "&TEXT(J8,"HH:MM"),"→ Selecione a linha e use o menu ⏱️ Ponto") -> ✅ 16:31 | J8: 16:31 | K8: 0.35486111 | L8: =IF(AND(H8<>"",J8=""),"🟢 No Evento",IF(AND(H8<>"",J8<>""),"✅ Finalizado",IF(B8<>"","⏳ Não entrou",""))) -> ✅ Finalizado
A9: =6 -> 6 | B9: Kauan de Souza Morais | C9: {=IF(B9="","",IFERROR(INDEX('FUNCIONÁRIOS'!$B$4:$B$501,MATCH(B9,'FUNCIONÁRIOS'!$C$4:$C$501,0)),""))} -> MONTE EVENTOS | D9: {=IF(B9="","",IFERROR(INDEX('FUNCIONÁRIOS'!$D$4:$D$501,MATCH(B9,'FUNCIONÁRIOS'!$C$4:$C$501,0)),""))} -> MONTADOR | E9: {=IF(B9="","",IFERROR(INDEX('FUNCIONÁRIOS'!$E$4:$E$501,MATCH(B9,'FUNCIONÁRIOS'!$C$4:$C$501,0)),""))} -> NÃO | F9: 46160 | G9: =IF(H9<>"","✅ "&TEXT(H9,"HH:MM"),"→ Selecione a linha e use o menu ⏱️ Ponto") -> ✅ 08:00 | H9: 0.33333333 | I9: =IF(J9<>"","✅ "&TEXT(J9,"HH:MM"),"→ Selecione a linha e use o menu ⏱️ Ponto") -> ✅ 17:17 | J9: 0.72013889 | K9: =IF(AND(H9<>"",J9<>""),J9-H9,"") -> 0.38680556 | L9: =IF(AND(H9<>"",J9=""),"🟢 No Evento",IF(AND(H9<>"",J9<>""),"✅ Finalizado",IF(B9<>"","⏳ Não entrou",""))) -> ✅ Finalizado
A10: =7 -> 7 | B10: Gustavo Danilo Costa Tavares | C10: {=IF(B10="","",IFERROR(INDEX('FUNCIONÁRIOS'!$B$4:$B$501,MATCH(B10,'FUNCIONÁRIOS'!$C$4:$C$501,0)),""))} -> MONTE EVENTOS | D10: {=IF(B10="","",IFERROR(INDEX('FUNCIONÁRIOS'!$D$4:$D$501,MATCH(B10,'FUNCIONÁRIOS'!$C$4:$C$501,0)),""))} -> MONTADOR | E10: {=IF(B10="","",IFERROR(INDEX('FUNCIONÁRIOS'!$E$4:$E$501,MATCH(B10,'FUNCIONÁRIOS'!$C$4:$C$501,0)),""))} -> NÃO | F10: 46160 | G10: =IF(H10<>"","✅ "&TEXT(H10,"HH:MM"),"→ Selecione a linha e use o menu ⏱️ Ponto") -> ✅ 08:01 | H10: 0.33402778 | I10: =IF(J10<>"","✅ "&TEXT(J10,"HH:MM"),"→ Selecione a linha e use o menu ⏱️ Ponto") -> ✅ 17:17 | J10: 0.72013889 | K10: =IF(AND(H10<>"",J10<>""),J10-H10,"") -> 0.38611111 | L10: =IF(AND(H10<>"",J10=""),"🟢 No Evento",IF(AND(H10<>"",J10<>""),"✅ Finalizado",IF(B10<>"","⏳ Não entrou",""))) -> ✅ Finalizado
A11: =8 -> 8 | B11: Luis Felipe Cruz da Silva | C11: {=IF(B11="","",IFERROR(INDEX('FUNCIONÁRIOS'!$B$4:$B$501,MATCH(B11,'FUNCIONÁRIOS'!$C$4:$C$501,0)),""))} -> MONTE EVENTOS | D11: {=IF(B11="","",IFERROR(INDEX('FUNCIONÁRIOS'!$D$4:$D$501,MATCH(B11,'FUNCIONÁRIOS'!$C$4:$C$501,0)),""))} -> MONTADOR | E11: {=IF(B11="","",IFERROR(INDEX('FUNCIONÁRIOS'!$E$4:$E$501,MATCH(B11,'FUNCIONÁRIOS'!$C$4:$C$501,0)),""))} -> NÃO | F11: 46160 | G11: =IF(H11<>"","✅ "&TEXT(H11,"HH:MM"),"→ Selecione a linha e use o menu ⏱️ Ponto") -> ✅ 08:02 | H11: 0.33472222 | I11: =IF(J11<>"","✅ "&TEXT(J11,"HH:MM"),"→ Selecione a linha e use o menu ⏱️ Ponto") -> ✅ 17:17 | J11: 0.72013889 | K11: =IF(AND(H11<>"",J11<>""),J11-H11,"") -> 0.38541667 | L11: =IF(AND(H11<>"",J11=""),"🟢 No Evento",IF(AND(H11<>"",J11<>""),"✅ Finalizado",IF(B11<>"","⏳ Não entrou",""))) -> ✅ Finalizado
A12: =10 -> 10 | B12: Hildebrando Ferreira de Souza | C12: {=IF(B12="","",IFERROR(INDEX('FUNCIONÁRIOS'!$B$4:$B$501,MATCH(B12,'FUNCIONÁRIOS'!$C$4:$C$501,0)),""))} -> MONTE EVENTOS | D12: {=IF(B12="","",IFERROR(INDEX('FUNCIONÁRIOS'!$D$4:$D$501,MATCH(B12,'FUNCIONÁRIOS'!$C$4:$C$501,0)),""))} -> MONTADOR | E12: {=IF(B12="","",IFERROR(INDEX('FUNCIONÁRIOS'!$E$4:$E$501,MATCH(B12,'FUNCIONÁRIOS'!$C$4:$C$501,0)),""))} -> NÃO | F12: 46160 | G12: =IF(H12<>"","✅ "&TEXT(H12,"HH:MM"),"→ Selecione a linha e use o menu ⏱️ Ponto") -> ✅ 08:03 | H12: 0.33541667 | I12: =IF(J12<>"","✅ "&TEXT(J12,"HH:MM"),"→ Selecione a linha e use o menu ⏱️ Ponto") -> ✅ 17:12 | J12: 0.71666667 | K12: =IF(AND(H12<>"",J12<>""),J12-H12,"") -> 0.38125 | L12: =IF(AND(H12<>"",J12=""),"🟢 No Evento",IF(AND(H12<>"",J12<>""),"✅ Finalizado",IF(B12<>"","⏳ Não entrou",""))) -> ✅ Finalizado
A13: =11 -> 11 | B13: Yago Oliveira de Souza | C13: {=IF(B13="","",IFERROR(INDEX('FUNCIONÁRIOS'!$B$4:$B$501,MATCH(B13,'FUNCIONÁRIOS'!$C$4:$C$501,0)),""))} -> MONTE EVENTOS | D13: {=IF(B13="","",IFERROR(INDEX('FUNCIONÁRIOS'!$D$4:$D$501,MATCH(B13,'FUNCIONÁRIOS'!$C$4:$C$501,0)),""))} -> MONTADOR | E13: {=IF(B13="","",IFERROR(INDEX('FUNCIONÁRIOS'!$E$4:$E$501,MATCH(B13,'FUNCIONÁRIOS'!$C$4:$C$501,0)),""))} -> NÃO | F13: 46160 | G13: =IF(H13<>"","✅ "&TEXT(H13,"HH:MM"),"→ Selecione a linha e use o menu ⏱️ Ponto") -> ✅ 08:04 | H13: 0.33611111 | I13: =IF(J13<>"","✅ "&TEXT(J13,"HH:MM"),"→ Selecione a linha e use o menu ⏱️ Ponto") -> ✅ 17:18 | J13: 0.72083333 | K13: =IF(AND(H13<>"",J13<>""),J13-H13,"") -> 0.38472222 | L13: =IF(AND(H13<>"",J13=""),"🟢 No Evento",IF(AND(H13<>"",J13<>""),"✅ Finalizado",IF(B13<>"","⏳ Não entrou",""))) -> ✅ Finalizado
A14: =12 -> 12 | B14: Ruan Andrade Braga | C14: {=IF(B14="","",IFERROR(INDEX('FUNCIONÁRIOS'!$B$4:$B$501,MATCH(B14,'FUNCIONÁRIOS'!$C$4:$C$501,0)),""))} -> MONTE EVENTOS | D14: {=IF(B14="","",IFERROR(INDEX('FUNCIONÁRIOS'!$D$4:$D$501,MATCH(B14,'FUNCIONÁRIOS'!$C$4:$C$501,0)),""))} -> MONTADOR | E14: {=IF(B14="","",IFERROR(INDEX('FUNCIONÁRIOS'!$E$4:$E$501,MATCH(B14,'FUNCIONÁRIOS'!$C$4:$C$501,0)),""))} -> NÃO | F14: 46160 | G14: =IF(H14<>"","✅ "&TEXT(H14,"HH:MM"),"→ Selecione a linha e use o menu ⏱️ Ponto") -> ✅ 08:05 | H14: 0.33680556 | I14: =IF(J14<>"","✅ "&TEXT(J14,"HH:MM"),"→ Selecione a linha e use o menu ⏱️ Ponto") -> ✅ 17:18 | J14: 0.72083333 | K14: =IF(AND(H14<>"",J14<>""),J14-H14,"") -> 0.38402778 | L14: =IF(AND(H14<>"",J14=""),"🟢 No Evento",IF(AND(H14<>"",J14<>""),"✅ Finalizado",IF(B14<>"","⏳ Não entrou",""))) -> ✅ Finalizado
A15: =13 -> 13 | B15: Genário da conceição Diniz | C15: {=IF(B15="","",IFERROR(INDEX('FUNCIONÁRIOS'!$B$4:$B$501,MATCH(B15,'FUNCIONÁRIOS'!$C$4:$C$501,0)),""))} -> MONTE EVENTOS | D15: {=IF(B15="","",IFERROR(INDEX('FUNCIONÁRIOS'!$D$4:$D$501,MATCH(B15,'FUNCIONÁRIOS'!$C$4:$C$501,0)),""))} -> MONTADOR | E15: {=IF(B15="","",IFERROR(INDEX('FUNCIONÁRIOS'!$E$4:$E$501,MATCH(B15,'FUNCIONÁRIOS'!$C$4:$C$501,0)),""))} -> NÃO | F15: 46160 | G15: =IF(H15<>"","✅ "&TEXT(H15,"HH:MM"),"→ Selecione a linha e use o menu ⏱️ Ponto") -> ✅ 08:06 | H15: 0.3375 | I15: =IF(J15<>"","✅ "&TEXT(J15,"HH:MM"),"→ Selecione a linha e use o menu ⏱️ Ponto") -> ✅ 17:18 | J15: 0.72083333 | K15: =IF(AND(H15<>"",J15<>""),J15-H15,"") -> 0.38333333 | L15: =IF(AND(H15<>"",J15=""),"🟢 No Evento",IF(AND(H15<>"",J15<>""),"✅ Finalizado",IF(B15<>"","⏳ Não entrou",""))) -> ✅ Finalizado
A16: =14 -> 14 | B16: Eduardo Henrique do lago Ramos | C16: {=IF(B16="","",IFERROR(INDEX('FUNCIONÁRIOS'!$B$4:$B$501,MATCH(B16,'FUNCIONÁRIOS'!$C$4:$C$501,0)),""))} -> MONTE EVENTOS | D16: {=IF(B16="","",IFERROR(INDEX('FUNCIONÁRIOS'!$D$4:$D$501,MATCH(B16,'FUNCIONÁRIOS'!$C$4:$C$501,0)),""))} -> COORDENADOR/CEO | E16: {=IF(B16="","",IFERROR(INDEX('FUNCIONÁRIOS'!$E$4:$E$501,MATCH(B16,'FUNCIONÁRIOS'!$C$4:$C$501,0)),""))} -> SIM | F16: 46160 | G16: =IF(H16<>"","✅ "&TEXT(H16,"HH:MM"),"→ Selecione a linha e use o menu ⏱️ Ponto") -> ✅ 08:07 | H16: 0.33819444 | I16: =IF(J16<>"","✅ "&TEXT(J16,"HH:MM"),"→ Selecione a linha e use o menu ⏱️ Ponto") -> ✅ 17:18 | J16: 0.72083333 | K16: =IF(AND(H16<>"",J16<>""),J16-H16,"") -> 0.38263889 | L16: =IF(AND(H16<>"",J16=""),"🟢 No Evento",IF(AND(H16<>"",J16<>""),"✅ Finalizado",IF(B16<>"","⏳ Não entrou",""))) -> ✅ Finalizado
A17: =15 -> 15 | B17: Alessandro santos da Silva | C17: {=IF(B17="","",IFERROR(INDEX('FUNCIONÁRIOS'!$B$4:$B$501,MATCH(B17,'FUNCIONÁRIOS'!$C$4:$C$501,0)),""))} -> MONTE EVENTOS | D17: {=IF(B17="","",IFERROR(INDEX('FUNCIONÁRIOS'!$D$4:$D$501,MATCH(B17,'FUNCIONÁRIOS'!$C$4:$C$501,0)),""))} -> MONTADOR | E17: {=IF(B17="","",IFERROR(INDEX('FUNCIONÁRIOS'!$E$4:$E$501,MATCH(B17,'FUNCIONÁRIOS'!$C$4:$C$501,0)),""))} -> NÃO | F17: 46160 | G17: =IF(H17<>"","✅ "&TEXT(H17,"HH:MM"),"→ Selecione a linha e use o menu ⏱️ Ponto") -> ✅ 08:08 | H17: 0.33888889 | I17: =IF(J17<>"","✅ "&TEXT(J17,"HH:MM"),"→ Selecione a linha e use o menu ⏱️ Ponto") -> ✅ 17:19 | J17: 0.72152778 | K17: =IF(AND(H17<>"",J17<>""),J17-H17,"") -> 0.38263889 | L17: =IF(AND(H17<>"",J17=""),"🟢 No Evento",IF(AND(H17<>"",J17<>""),"✅ Finalizado",IF(B17<>"","⏳ Não entrou",""))) -> ✅ Finalizado
A18: =16 -> 16 | B18: Taylon Vitor Soares de Alencar | C18: {=IF(B18="","",IFERROR(INDEX('FUNCIONÁRIOS'!$B$4:$B$501,MATCH(B18,'FUNCIONÁRIOS'!$C$4:$C$501,0)),""))} -> MONTE EVENTOS | D18: {=IF(B18="","",IFERROR(INDEX('FUNCIONÁRIOS'!$D$4:$D$501,MATCH(B18,'FUNCIONÁRIOS'!$C$4:$C$501,0)),""))} -> MONTADOR | E18: {=IF(B18="","",IFERROR(INDEX('FUNCIONÁRIOS'!$E$4:$E$501,MATCH(B18,'FUNCIONÁRIOS'!$C$4:$C$501,0)),""))} -> NÃO | F18: 46160 | G18: =IF(H18<>"","✅ "&TEXT(H18,"HH:MM"),"→ Selecione a linha e use o menu ⏱️ Ponto") -> ✅ 08:09 | H18: 0.33958333 | I18: =IF(J18<>"","✅ "&TEXT(J18,"HH:MM"),"→ Selecione a linha e use o menu ⏱️ Ponto") -> ✅ 17:16 | J18: 0.71944444 | K18: =IF(AND(H18<>"",J18<>""),J18-H18,"") -> 0.37986111 | L18: =IF(AND(H18<>"",J18=""),"🟢 No Evento",IF(AND(H18<>"",J18<>""),"✅ Finalizado",IF(B18<>"","⏳ Não entrou",""))) -> ✅ Finalizado
A19: =17 -> 17 | B19: Sidney Marcelinho Martins | C19: {=IF(B19="","",IFERROR(INDEX('FUNCIONÁRIOS'!$B$4:$B$501,MATCH(B19,'FUNCIONÁRIOS'!$C$4:$C$501,0)),""))} -> MONTE EVENTOS | D19: {=IF(B19="","",IFERROR(INDEX('FUNCIONÁRIOS'!$D$4:$D$501,MATCH(B19,'FUNCIONÁRIOS'!$C$4:$C$501,0)),""))} -> MONTADOR | E19: {=IF(B19="","",IFERROR(INDEX('FUNCIONÁRIOS'!$E$4:$E$501,MATCH(B19,'FUNCIONÁRIOS'!$C$4:$C$501,0)),""))} -> NÃO | F19: 46160 | G19: =IF(H19<>"","✅ "&TEXT(H19,"HH:MM"),"→ Selecione a linha e use o menu ⏱️ Ponto") -> ✅ 08:10 | H19: 0.34027778 | I19: =IF(J19<>"","✅ "&TEXT(J19,"HH:MM"),"→ Selecione a linha e use o menu ⏱️ Ponto") -> ✅ 17:13 | J19: 0.71736111 | K19: =IF(AND(H19<>"",J19<>""),J19-H19,"") -> 0.37708333 | L19: =IF(AND(H19<>"",J19=""),"🟢 No Evento",IF(AND(H19<>"",J19<>""),"✅ Finalizado",IF(B19<>"","⏳ Não entrou",""))) -> ✅ Finalizado
A20: =18 -> 18 | B20: Willames David Lima dos santos | C20: {=IF(B20="","",IFERROR(INDEX('FUNCIONÁRIOS'!$B$4:$B$501,MATCH(B20,'FUNCIONÁRIOS'!$C$4:$C$501,0)),""))} -> MONTE EVENTOS | D20: {=IF(B20="","",IFERROR(INDEX('FUNCIONÁRIOS'!$D$4:$D$501,MATCH(B20,'FUNCIONÁRIOS'!$C$4:$C$501,0)),""))} -> MONTADOR | E20: {=IF(B20="","",IFERROR(INDEX('FUNCIONÁRIOS'!$E$4:$E$501,MATCH(B20,'FUNCIONÁRIOS'!$C$4:$C$501,0)),""))} -> NÃO | F20: 46160 | G20: =IF(H20<>"","✅ "&TEXT(H20,"HH:MM"),"→ Selecione a linha e use o menu ⏱️ Ponto") -> ✅ 08:11 | H20: 0.34097222 | I20: =IF(J20<>"","✅ "&TEXT(J20,"HH:MM"),"→ Selecione a linha e use o menu ⏱️ Ponto") -> ✅ 17:16 | J20: 0.71944444 | K20: =IF(AND(H20<>"",J20<>""),J20-H20,"") -> 0.37847222 | L20: =IF(AND(H20<>"",J20=""),"🟢 No Evento",IF(AND(H20<>"",J20<>""),"✅ Finalizado",IF(B20<>"","⏳ Não entrou",""))) -> ✅ Finalizado
A21: =19 -> 19 | B21: José Wellingtom | C21: {=IF(B21="","",IFERROR(INDEX('FUNCIONÁRIOS'!$B$4:$B$501,MATCH(B21,'FUNCIONÁRIOS'!$C$4:$C$501,0)),""))} -> MONTE EVENTOS | D21: {=IF(B21="","",IFERROR(INDEX('FUNCIONÁRIOS'!$D$4:$D$501,MATCH(B21,'FUNCIONÁRIOS'!$C$4:$C$501,0)),""))} -> MONTADOR | E21: {=IF(B21="","",IFERROR(INDEX('FUNCIONÁRIOS'!$E$4:$E$501,MATCH(B21,'FUNCIONÁRIOS'!$C$4:$C$501,0)),""))} -> NÃO | F21: 46160 | G21: =IF(H21<>"","✅ "&TEXT(H21,"HH:MM"),"→ Selecione a linha e use o menu ⏱️ Ponto") -> ✅ 08:12 | H21: 0.34166667 | I21: =IF(J21<>"","✅ "&TEXT(J21,"HH:MM"),"→ Selecione a linha e use o menu ⏱️ Ponto") -> ✅ 17:16 | J21: 0.71944444 | K21: =IF(AND(H21<>"",J21<>""),J21-H21,"") -> 0.37777778 | L21: =IF(AND(H21<>"",J21=""),"🟢 No Evento",IF(AND(H21<>"",J21<>""),"✅ Finalizado",IF(B21<>"","⏳ Não entrou",""))) -> ✅ Finalizado
A22: =20 -> 20 | B22: Leonardo de Andrade Estevão | C22: {=IF(B22="","",IFERROR(INDEX('FUNCIONÁRIOS'!$B$4:$B$501,MATCH(B22,'FUNCIONÁRIOS'!$C$4:$C$501,0)),""))} -> MONTE EVENTOS | D22: {=IF(B22="","",IFERROR(INDEX('FUNCIONÁRIOS'!$D$4:$D$501,MATCH(B22,'FUNCIONÁRIOS'!$C$4:$C$501,0)),""))} -> MONTADOR | E22: {=IF(B22="","",IFERROR(INDEX('FUNCIONÁRIOS'!$E$4:$E$501,MATCH(B22,'FUNCIONÁRIOS'!$C$4:$C$501,0)),""))} -> NÃO | F22: 46160 | G22: =IF(H22<>"","✅ "&TEXT(H22,"HH:MM"),"→ Selecione a linha e use o menu ⏱️ Ponto") -> ✅ 08:13 | H22: 0.34236111 | I22: =IF(J22<>"","✅ "&TEXT(J22,"HH:MM"),"→ Selecione a linha e use o menu ⏱️ Ponto") -> ✅ 17:14 | J22: 0.71805556 | K22: =IF(AND(H22<>"",J22<>""),J22-H22,"") -> 0.37569444 | L22: =IF(AND(H22<>"",J22=""),"🟢 No Evento",IF(AND(H22<>"",J22<>""),"✅ Finalizado",IF(B22<>"","⏳ Não entrou",""))) -> ✅ Finalizado
A23: =21 -> 21 | B23: Washington Carlos Nascimento Costa | C23: {=IF(B23="","",IFERROR(INDEX('FUNCIONÁRIOS'!$B$4:$B$501,MATCH(B23,'FUNCIONÁRIOS'!$C$4:$C$501,0)),""))} -> MONTE EVENTOS | D23: {=IF(B23="","",IFERROR(INDEX('FUNCIONÁRIOS'!$D$4:$D$501,MATCH(B23,'FUNCIONÁRIOS'!$C$4:$C$501,0)),""))} -> MONTADOR | E23: {=IF(B23="","",IFERROR(INDEX('FUNCIONÁRIOS'!$E$4:$E$501,MATCH(B23,'FUNCIONÁRIOS'!$C$4:$C$501,0)),""))} -> NÃO | F23: 46160 | G23: =IF(H23<>"","✅ "&TEXT(H23,"HH:MM"),"→ Selecione a linha e use o menu ⏱️ Ponto") -> ✅ 08:14 | H23: 0.34305556 | I23: =IF(J23<>"","✅ "&TEXT(J23,"HH:MM"),"→ Selecione a linha e use o menu ⏱️ Ponto") -> ✅ 17:15 | J23: 0.71875 | K23: =IF(AND(H23<>"",J23<>""),J23-H23,"") -> 0.37569444 | L23: =IF(AND(H23<>"",J23=""),"🟢 No Evento",IF(AND(H23<>"",J23<>""),"✅ Finalizado",IF(B23<>"","⏳ Não entrou",""))) -> ✅ Finalizado
A24: =22 -> 22 | B24: Hananias Sousa Alves dos santos | C24: {=IF(B24="","",IFERROR(INDEX('FUNCIONÁRIOS'!$B$4:$B$501,MATCH(B24,'FUNCIONÁRIOS'!$C$4:$C$501,0)),""))} -> MONTE EVENTOS | D24: {=IF(B24="","",IFERROR(INDEX('FUNCIONÁRIOS'!$D$4:$D$501,MATCH(B24,'FUNCIONÁRIOS'!$C$4:$C$501,0)),""))} -> MONTADOR | E24: {=IF(B24="","",IFERROR(INDEX('FUNCIONÁRIOS'!$E$4:$E$501,MATCH(B24,'FUNCIONÁRIOS'!$C$4:$C$501,0)),""))} -> NÃO | F24: 46160 | G24: =IF(H24<>"","✅ "&TEXT(H24,"HH:MM"),"→ Selecione a linha e use o menu ⏱️ Ponto") -> ✅ 08:14 | H24: 0.34305556 | I24: =IF(J24<>"","✅ "&TEXT(J24,"HH:MM"),"→ Selecione a linha e use o menu ⏱️ Ponto") -> ✅ 17:15 | J24: 0.71875 | K24: =IF(AND(H24<>"",J24<>""),J24-H24,"") -> 0.37569444 | L24: =IF(AND(H24<>"",J24=""),"🟢 No Evento",IF(AND(H24<>"",J24<>""),"✅ Finalizado",IF(B24<>"","⏳ Não entrou",""))) -> ✅ Finalizado
A25: =23 -> 23 | B25: Erik natan Lopes Machado | C25: {=IF(B25="","",IFERROR(INDEX('FUNCIONÁRIOS'!$B$4:$B$501,MATCH(B25,'FUNCIONÁRIOS'!$C$4:$C$501,0)),""))} -> MONTE EVENTOS | D25: {=IF(B25="","",IFERROR(INDEX('FUNCIONÁRIOS'!$D$4:$D$501,MATCH(B25,'FUNCIONÁRIOS'!$C$4:$C$501,0)),""))} -> MONTADOR | E25: {=IF(B25="","",IFERROR(INDEX('FUNCIONÁRIOS'!$E$4:$E$501,MATCH(B25,'FUNCIONÁRIOS'!$C$4:$C$501,0)),""))} -> NÃO | F25: 46160 | G25: =IF(H25<>"","✅ "&TEXT(H25,"HH:MM"),"→ Selecione a linha e use o menu ⏱️ Ponto") -> ✅ 08:15 | H25: 0.34375 | I25: =IF(J25<>"","✅ "&TEXT(J25,"HH:MM"),"→ Selecione a linha e use o menu ⏱️ Ponto") -> ✅ 17:15 | J25: 0.71875 | K25: =IF(AND(H25<>"",J25<>""),J25-H25,"") -> 0.375 | L25: =IF(AND(H25<>"",J25=""),"🟢 No Evento",IF(AND(H25<>"",J25<>""),"✅ Finalizado",IF(B25<>"","⏳ Não entrou",""))) -> ✅ Finalizado
A26: =24 -> 24 | B26: Renato de Araújo Morais | C26: {=IF(B26="","",IFERROR(INDEX('FUNCIONÁRIOS'!$B$4:$B$501,MATCH(B26,'FUNCIONÁRIOS'!$C$4:$C$501,0)),""))} -> MONTE EVENTOS | D26: {=IF(B26="","",IFERROR(INDEX('FUNCIONÁRIOS'!$D$4:$D$501,MATCH(B26,'FUNCIONÁRIOS'!$C$4:$C$501,0)),""))} -> MONTADOR | E26: {=IF(B26="","",IFERROR(INDEX('FUNCIONÁRIOS'!$E$4:$E$501,MATCH(B26,'FUNCIONÁRIOS'!$C$4:$C$501,0)),""))} -> NÃO | F26: 46160 | G26: =IF(H26<>"","✅ "&TEXT(H26,"HH:MM"),"→ Selecione a linha e use o menu ⏱️ Ponto") -> ✅ 08:16 | H26: 0.34444444 | I26: =IF(J26<>"","✅ "&TEXT(J26,"HH:MM"),"→ Selecione a linha e use o menu ⏱️ Ponto") -> ✅ 17:14 | J26: 0.71805556 | K26: =IF(AND(H26<>"",J26<>""),J26-H26,"") -> 0.37361111 | L26: =IF(AND(H26<>"",J26=""),"🟢 No Evento",IF(AND(H26<>"",J26<>""),"✅ Finalizado",IF(B26<>"","⏳ Não entrou",""))) -> ✅ Finalizado
A27: =25 -> 25 | B27: Guilherme Silva dos Anjos | C27: {=IF(B27="","",IFERROR(INDEX('FUNCIONÁRIOS'!$B$4:$B$501,MATCH(B27,'FUNCIONÁRIOS'!$C$4:$C$501,0)),""))} -> MONTE EVENTOS | D27: {=IF(B27="","",IFERROR(INDEX('FUNCIONÁRIOS'!$D$4:$D$501,MATCH(B27,'FUNCIONÁRIOS'!$C$4:$C$501,0)),""))} -> MONTADOR | E27: {=IF(B27="","",IFERROR(INDEX('FUNCIONÁRIOS'!$E$4:$E$501,MATCH(B27,'FUNCIONÁRIOS'!$C$4:$C$501,0)),""))} -> NÃO | F27: 46160 | G27: =IF(H27<>"","✅ "&TEXT(H27,"HH:MM"),"→ Selecione a linha e use o menu ⏱️ Ponto") -> ✅ 08:17 | H27: 0.34513889 | I27: =IF(J27<>"","✅ "&TEXT(J27,"HH:MM"),"→ Selecione a linha e use o menu ⏱️ Ponto") -> ✅ 17:14 | J27: 0.71805556 | K27: =IF(AND(H27<>"",J27<>""),J27-H27,"") -> 0.37291667 | L27: =IF(AND(H27<>"",J27=""),"🟢 No Evento",IF(AND(H27<>"",J27<>""),"✅ Finalizado",IF(B27<>"","⏳ Não entrou",""))) -> ✅ Finalizado
A28: =26 -> 26 | B28: Andressa Santana Dias | C28: {=IF(B28="","",IFERROR(INDEX('FUNCIONÁRIOS'!$B$4:$B$501,MATCH(B28,'FUNCIONÁRIOS'!$C$4:$C$501,0)),""))} -> TJ SERVIÇOS | D28: {=IF(B28="","",IFERROR(INDEX('FUNCIONÁRIOS'!$D$4:$D$501,MATCH(B28,'FUNCIONÁRIOS'!$C$4:$C$501,0)),""))} -> BRIGADISTA | E28: {=IF(B28="","",IFERROR(INDEX('FUNCIONÁRIOS'!$E$4:$E$501,MATCH(B28,'FUNCIONÁRIOS'!$C$4:$C$501,0)),""))} -> NÃO | F28: 46160 | G28: =IF(H28<>"","✅ "&TEXT(H28,"HH:MM"),"→ Selecione a linha e use o menu ⏱️ Ponto") -> ✅ 08:18 | H28: 0.34583333 | I28: =IF(J28<>"","✅ "&TEXT(J28,"HH:MM"),"→ Selecione a linha e use o menu ⏱️ Ponto") -> ✅ 17:37 | J28: 0.73402778 | K28: =IF(AND(H28<>"",J28<>""),J28-H28,"") -> 0.38819444 | L28: =IF(AND(H28<>"",J28=""),"🟢 No Evento",IF(AND(H28<>"",J28<>""),"✅ Finalizado",IF(B28<>"","⏳ Não entrou",""))) -> ✅ Finalizado
A29: =28 -> 28 | B29: Marília de Jesus honorato | C29: {=IF(B29="","",IFERROR(INDEX('FUNCIONÁRIOS'!$B$4:$B$501,MATCH(B29,'FUNCIONÁRIOS'!$C$4:$C$501,0)),""))} -> TJ SERVIÇOS | D29: {=IF(B29="","",IFERROR(INDEX('FUNCIONÁRIOS'!$D$4:$D$501,MATCH(B29,'FUNCIONÁRIOS'!$C$4:$C$501,0)),""))} -> BRIGADISTA | E29: {=IF(B29="","",IFERROR(INDEX('FUNCIONÁRIOS'!$E$4:$E$501,MATCH(B29,'FUNCIONÁRIOS'!$C$4:$C$501,0)),""))} -> NÃO | F29: 46160 | G29: =IF(H29<>"","✅ "&TEXT(H29,"HH:MM"),"→ Selecione a linha e use o menu ⏱️ Ponto") -> ✅ 08:20 | H29: 0.34722222 | I29: =IF(J29<>"","✅ "&TEXT(J29,"HH:MM"),"→ Selecione a linha e use o menu ⏱️ Ponto") -> ✅ 17:37 | J29: 0.73402778 | K29: =IF(AND(H29<>"",J29<>""),J29-H29,"") -> 0.38680556 | L29: =IF(AND(H29<>"",J29=""),"🟢 No Evento",IF(AND(H29<>"",J29<>""),"✅ Finalizado",IF(B29<>"","⏳ Não entrou",""))) -> ✅ Finalizado
A30: =29 -> 29 | B30: Edna Maria da Silva Olívia | C30: {=IF(B30="","",IFERROR(INDEX('FUNCIONÁRIOS'!$B$4:$B$501,MATCH(B30,'FUNCIONÁRIOS'!$C$4:$C$501,0)),""))} -> FLASH MED | D30: ENFERMEIRA | E30: {=IF(B30="","",IFERROR(INDEX('FUNCIONÁRIOS'!$E$4:$E$501,MATCH(B30,'FUNCIONÁRIOS'!$C$4:$C$501,0)),""))} -> NÃO | F30: 46160 | G30: =IF(H30<>"","✅ "&TEXT(H30,"HH:MM"),"→ Selecione a linha e use o menu ⏱️ Ponto") -> ✅ 08:21 | H30: 0.34791667 | I30: =IF(J30<>"","✅ "&TEXT(J30,"HH:MM"),"→ Selecione a linha e use o menu ⏱️ Ponto") -> ✅ 17:40 | J30: 0.73611111 | K30: =IF(AND(H30<>"",J30<>""),J30-H30,"") -> 0.38819444 | L30: =IF(AND(H30<>"",J30=""),"🟢 No Evento",IF(AND(H30<>"",J30<>""),"✅ Finalizado",IF(B30<>"","⏳ Não entrou",""))) -> ✅ Finalizado
A31: =30 -> 30 | B31: Ricardo Souza dos santos | C31: {=IF(B31="","",IFERROR(INDEX('FUNCIONÁRIOS'!$B$4:$B$501,MATCH(B31,'FUNCIONÁRIOS'!$C$4:$C$501,0)),""))} -> FLASH MED | D31: {=IF(B31="","",IFERROR(INDEX('FUNCIONÁRIOS'!$D$4:$D$501,MATCH(B31,'FUNCIONÁRIOS'!$C$4:$C$501,0)),""))} -> SOCORRITA | E31: {=IF(B31="","",IFERROR(INDEX('FUNCIONÁRIOS'!$E$4:$E$501,MATCH(B31,'FUNCIONÁRIOS'!$C$4:$C$501,0)),""))} -> NÃO | F31: 46160 | G31: =IF(H31<>"","✅ "&TEXT(H31,"HH:MM"),"→ Selecione a linha e use o menu ⏱️ Ponto") -> ✅ 08:21 | H31: 0.34791667 | I31: =IF(J31<>"","✅ "&TEXT(J31,"HH:MM"),"→ Selecione a linha e use o menu ⏱️ Ponto") -> ✅ 17:40 | J31: 0.73611111 | K31: =IF(AND(H31<>"",J31<>""),J31-H31,"") -> 0.38819444 | L31: =IF(AND(H31<>"",J31=""),"🟢 No Evento",IF(AND(H31<>"",J31<>""),"✅ Finalizado",IF(B31<>"","⏳ Não entrou",""))) -> ✅ Finalizado
A32: =31 -> 31 | B32: Vinicius Monteiro Silva | C32: {=IF(B32="","",IFERROR(INDEX('FUNCIONÁRIOS'!$B$4:$B$501,MATCH(B32,'FUNCIONÁRIOS'!$C$4:$C$501,0)),""))} -> BIGODE | D32: {=IF(B32="","",IFERROR(INDEX('FUNCIONÁRIOS'!$D$4:$D$501,MATCH(B32,'FUNCIONÁRIOS'!$C$4:$C$501,0)),""))} -> CONTROLE DE ACESSO | E32: {=IF(B32="","",IFERROR(INDEX('FUNCIONÁRIOS'!$E$4:$E$501,MATCH(B32,'FUNCIONÁRIOS'!$C$4:$C$501,0)),""))} -> NÃO | F32: 46160 | G32: =IF(H32<>"","✅ "&TEXT(H32,"HH:MM"),"→ Selecione a linha e use o menu ⏱️ Ponto") -> ✅ 10:30 | H32: 0.4375 | I32: =IF(J32<>"","✅ "&TEXT(J32,"HH:MM"),"→ Selecione a linha e use o menu ⏱️ Ponto") -> ✅ 17:24 | J32: 0.725 | K32: =IF(AND(H32<>"",J32<>""),J32-H32,"") -> 0.2875 | L32: =IF(AND(H32<>"",J32=""),"🟢 No Evento",IF(AND(H32<>"",J32<>""),"✅ Finalizado",IF(B32<>"","⏳ Não entrou",""))) -> ✅ Finalizado
A33: =32 -> 32 | B33: Ronara Moreira Borges Meireles | C33: {=IF(B33="","",IFERROR(INDEX('FUNCIONÁRIOS'!$B$4:$B$501,MATCH(B33,'FUNCIONÁRIOS'!$C$4:$C$501,0)),""))} -> BIGODE | D33: {=IF(B33="","",IFERROR(INDEX('FUNCIONÁRIOS'!$D$4:$D$501,MATCH(B33,'FUNCIONÁRIOS'!$C$4:$C$501,0)),""))} -> CONTROLE DE ACESSO | E33: {=IF(B33="","",IFERROR(INDEX('FUNCIONÁRIOS'!$E$4:$E$501,MATCH(B33,'FUNCIONÁRIOS'!$C$4:$C$501,0)),""))} -> NÃO | F33: 46160 | G33: =IF(H33<>"","✅ "&TEXT(H33,"HH:MM"),"→ Selecione a linha e use o menu ⏱️ Ponto") -> ✅ 10:30 | H33: 0.4375 | I33: =IF(J33<>"","✅ "&TEXT(J33,"HH:MM"),"→ Selecione a linha e use o menu ⏱️ Ponto") -> ✅ 17:24 | J33: 0.725 | K33: =IF(AND(H33<>"",J33<>""),J33-H33,"") -> 0.2875 | L33: =IF(AND(H33<>"",J33=""),"🟢 No Evento",IF(AND(H33<>"",J33<>""),"✅ Finalizado",IF(B33<>"","⏳ Não entrou",""))) -> ✅ Finalizado
A34: =33 -> 33 | B34: Wagner Martins lira | C34: {=IF(B34="","",IFERROR(INDEX('FUNCIONÁRIOS'!$B$4:$B$501,MATCH(B34,'FUNCIONÁRIOS'!$C$4:$C$501,0)),""))} -> YES | D34: {=IF(B34="","",IFERROR(INDEX('FUNCIONÁRIOS'!$D$4:$D$501,MATCH(B34,'FUNCIONÁRIOS'!$C$4:$C$501,0)),""))} -> TEC SEGURANÇA | E34: {=IF(B34="","",IFERROR(INDEX('FUNCIONÁRIOS'!$E$4:$E$501,MATCH(B34,'FUNCIONÁRIOS'!$C$4:$C$501,0)),""))} -> NÃO | F34: 46160 | G34: =IF(H34<>"","✅ "&TEXT(H34,"HH:MM"),"→ Selecione a linha e use o menu ⏱️ Ponto") -> ✅ 11:00 | H34: 0.45833333 | I34: =IF(J34<>"","✅ "&TEXT(J34,"HH:MM"),"→ Selecione a linha e use o menu ⏱️ Ponto") -> ✅ 17:22 | J34: 0.72361111 | K34: =IF(AND(H34<>"",J34<>""),J34-H34,"") -> 0.26527778 | L34: =IF(AND(H34<>"",J34=""),"🟢 No Evento",IF(AND(H34<>"",J34<>""),"✅ Finalizado",IF(B34<>"","⏳ Não entrou",""))) -> ✅ Finalizado
A36: =34 -> 34 | B36: vinicius Gomes silva | C36: YES | D36: {=IF(B36="","",IFERROR(INDEX('FUNCIONÁRIOS'!$D$4:$D$501,MATCH(B36,'FUNCIONÁRIOS'!$C$4:$C$501,0)),""))} -> TEC SEGURANÇA | E36: {=IF(B36="","",IFERROR(INDEX('FUNCIONÁRIOS'!$E$4:$E$501,MATCH(B36,'FUNCIONÁRIOS'!$C$4:$C$501,0)),""))} -> NÃO | F36: 46161 | G36: =IF(H36<>"","✅ "&TEXT(H36,"HH:MM"),"→ Selecione a linha e use o menu ⏱️ Ponto") -> ✅ 08:53 | H36: 08:53 | I36: =IF(J36<>"","✅ "&TEXT(J36,"HH:MM"),"→ Selecione a linha e use o menu ⏱️ Ponto") -> ✅ 12:00 | J36: 0.5 | L36: =IF(AND(H36<>"",J36=""),"🟢 No Evento",IF(AND(H36<>"",J36<>""),"✅ Finalizado",IF(B36<>"","⏳ Não entrou",""))) -> ✅ Finalizado
A37: =35 -> 35 | B37: KLEBIO DOS REIS SILVA | C37: - | D37: {=IF(B37="","",IFERROR(INDEX('FUNCIONÁRIOS'!$D$4:$D$501,MATCH(B37,'FUNCIONÁRIOS'!$C$4:$C$501,0)),""))} -> OPERADOR DE EMPILHADEIRA | E37: {=IF(B37="","",IFERROR(INDEX('FUNCIONÁRIOS'!$E$4:$E$501,MATCH(B37,'FUNCIONÁRIOS'!$C$4:$C$501,0)),""))} -> NÃO | F37: 46161 | G37: =IF(H37<>"","✅ "&TEXT(H37,"HH:MM"),"→ Selecione a linha e use o menu ⏱️ Ponto") -> ✅ 08:00 | H37: 0.33333333 | I37: =IF(J37<>"","✅ "&TEXT(J37,"HH:MM"),"→ Selecione a linha e use o menu ⏱️ Ponto") -> ✅ 17:50 | J37: 0.74305556 | K37: =IF(AND(H37<>"",J37<>""),J37-H37,"") -> 0.40972222 | L37: =IF(AND(H37<>"",J37=""),"🟢 No Evento",IF(AND(H37<>"",J37<>""),"✅ Finalizado",IF(B37<>"","⏳ Não entrou",""))) -> ✅ Finalizado
A38: =36 -> 36 | B38: Juan Miguel | C38: {=IF(B38="","",IFERROR(INDEX('FUNCIONÁRIOS'!$B$4:$B$501,MATCH(B38,'FUNCIONÁRIOS'!$C$4:$C$501,0)),""))} -> MONTE EVENTOS | D38: {=IF(B38="","",IFERROR(INDEX('FUNCIONÁRIOS'!$D$4:$D$501,MATCH(B38,'FUNCIONÁRIOS'!$C$4:$C$501,0)),""))} -> MONTADOR | E38: {=IF(B38="","",IFERROR(INDEX('FUNCIONÁRIOS'!$E$4:$E$501,MATCH(B38,'FUNCIONÁRIOS'!$C$4:$C$501,0)),""))} -> NÃO | F38: 46161 | G38: =IF(H38<>"","✅ "&TEXT(H38,"HH:MM"),"→ Selecione a linha e use o menu ⏱️ Ponto") -> ✅ 08:00 | H38: 0.33333333 | I38: =IF(J38<>"","✅ "&TEXT(J38,"HH:MM"),"→ Selecione a linha e use o menu ⏱️ Ponto") -> ✅ 18:00 | J38: 0.75 | K38: =IF(AND(H38<>"",J38<>""),J38-H38,"") -> 0.41666667 | L38: =IF(AND(H38<>"",J38=""),"🟢 No Evento",IF(AND(H38<>"",J38<>""),"✅ Finalizado",IF(B38<>"","⏳ Não entrou",""))) -> ✅ Finalizado
A39: =37 -> 37 | B39: Wagner Martins lira | C39: {=IF(B39="","",IFERROR(INDEX('FUNCIONÁRIOS'!$B$4:$B$501,MATCH(B39,'FUNCIONÁRIOS'!$C$4:$C$501,0)),""))} -> YES | D39: {=IF(B39="","",IFERROR(INDEX('FUNCIONÁRIOS'!$D$4:$D$501,MATCH(B39,'FUNCIONÁRIOS'!$C$4:$C$501,0)),""))} -> TEC SEGURANÇA | E39: {=IF(B39="","",IFERROR(INDEX('FUNCIONÁRIOS'!$E$4:$E$501,MATCH(B39,'FUNCIONÁRIOS'!$C$4:$C$501,0)),""))} -> NÃO | F39: 46161 | G39: =IF(H39<>"","✅ "&TEXT(H39,"HH:MM"),"→ Selecione a linha e use o menu ⏱️ Ponto") -> ✅ 08:00 | H39: 0.33333333 | I39: =IF(J39<>"","✅ "&TEXT(J39,"HH:MM"),"→ Selecione a linha e use o menu ⏱️ Ponto") -> ✅ 16:44 | J39: 0.69722222 | K39: =IF(AND(H39<>"",J39<>""),J39-H39,"") -> 0.36388889 | L39: =IF(AND(H39<>"",J39=""),"🟢 No Evento",IF(AND(H39<>"",J39<>""),"✅ Finalizado",IF(B39<>"","⏳ Não entrou",""))) -> ✅ Finalizado
A40: =38 -> 38 | B40: Andressa Santana Dias | C40: {=IF(B40="","",IFERROR(INDEX('FUNCIONÁRIOS'!$B$4:$B$501,MATCH(B40,'FUNCIONÁRIOS'!$C$4:$C$501,0)),""))} -> TJ SERVIÇOS | D40: {=IF(B40="","",IFERROR(INDEX('FUNCIONÁRIOS'!$D$4:$D$501,MATCH(B40,'FUNCIONÁRIOS'!$C$4:$C$501,0)),""))} -> BRIGADISTA | E40: {=IF(B40="","",IFERROR(INDEX('FUNCIONÁRIOS'!$E$4:$E$501,MATCH(B40,'FUNCIONÁRIOS'!$C$4:$C$501,0)),""))} -> NÃO | F40: 46161 | G40: =IF(H40<>"","✅ "&TEXT(H40,"HH:MM"),"→ Selecione a linha e use o menu ⏱️ Ponto") -> ✅ 08:00 | H40: 0.33333333 | I40: =IF(J40<>"","✅ "&TEXT(J40,"HH:MM"),"→ Selecione a linha e use o menu ⏱️ Ponto") -> ✅ 18:00 | J40: 0.75 | K40: =IF(AND(H40<>"",J40<>""),J40-H40,"") -> 0.41666667 | L40: =IF(AND(H40<>"",J40=""),"🟢 No Evento",IF(AND(H40<>"",J40<>""),"✅ Finalizado",IF(B40<>"","⏳ Não entrou",""))) -> ✅ Finalizado
A41: =39 -> 39 | B41: Andresa da Silva | C41: TJ SERVIÇOS | D41: {=IF(B41="","",IFERROR(INDEX('FUNCIONÁRIOS'!$D$4:$D$501,MATCH(B41,'FUNCIONÁRIOS'!$C$4:$C$501,0)),""))} -> BRIGADISTA | E41: {=IF(B41="","",IFERROR(INDEX('FUNCIONÁRIOS'!$E$4:$E$501,MATCH(B41,'FUNCIONÁRIOS'!$C$4:$C$501,0)),""))} -> NÃO | F41: 46161 | G41: =IF(H41<>"","✅ "&TEXT(H41,"HH:MM"),"→ Selecione a linha e use o menu ⏱️ Ponto") -> ✅ 08:00 | H41: 0.33333333 | I41: =IF(J41<>"","✅ "&TEXT(J41,"HH:MM"),"→ Selecione a linha e use o menu ⏱️ Ponto") -> ✅ 18:00 | J41: 0.75 | K41: =IF(AND(H41<>"",J41<>""),J41-H41,"") -> 0.41666667 | L41: =IF(AND(H41<>"",J41=""),"🟢 No Evento",IF(AND(H41<>"",J41<>""),"✅ Finalizado",IF(B41<>"","⏳ Não entrou",""))) -> ✅ Finalizado
A42: =40 -> 40 | B42: José Wellingtom | C42: {=IF(B42="","",IFERROR(INDEX('FUNCIONÁRIOS'!$B$4:$B$501,MATCH(B42,'FUNCIONÁRIOS'!$C$4:$C$501,0)),""))} -> MONTE EVENTOS | D42: {=IF(B42="","",IFERROR(INDEX('FUNCIONÁRIOS'!$D$4:$D$501,MATCH(B42,'FUNCIONÁRIOS'!$C$4:$C$501,0)),""))} -> MONTADOR | E42: {=IF(B42="","",IFERROR(INDEX('FUNCIONÁRIOS'!$E$4:$E$501,MATCH(B42,'FUNCIONÁRIOS'!$C$4:$C$501,0)),""))} -> NÃO | F42: 46161 | G42: =IF(H42<>"","✅ "&TEXT(H42,"HH:MM"),"→ Selecione a linha e use o menu ⏱️ Ponto") -> ✅ 08:00 | H42: 0.33333333 | I42: =IF(J42<>"","✅ "&TEXT(J42,"HH:MM"),"→ Selecione a linha e use o menu ⏱️ Ponto") -> ✅ 18:00 | J42: 0.75 | K42: =IF(AND(H42<>"",J42<>""),J42-H42,"") -> 0.41666667 | L42: =IF(AND(H42<>"",J42=""),"🟢 No Evento",IF(AND(H42<>"",J42<>""),"✅ Finalizado",IF(B42<>"","⏳ Não entrou",""))) -> ✅ Finalizado
A43: =41 -> 41 | B43: Willames David Lima dos santos | C43: {=IF(B43="","",IFERROR(INDEX('FUNCIONÁRIOS'!$B$4:$B$501,MATCH(B43,'FUNCIONÁRIOS'!$C$4:$C$501,0)),""))} -> MONTE EVENTOS | D43: {=IF(B43="","",IFERROR(INDEX('FUNCIONÁRIOS'!$D$4:$D$501,MATCH(B43,'FUNCIONÁRIOS'!$C$4:$C$501,0)),""))} -> MONTADOR | E43: {=IF(B43="","",IFERROR(INDEX('FUNCIONÁRIOS'!$E$4:$E$501,MATCH(B43,'FUNCIONÁRIOS'!$C$4:$C$501,0)),""))} -> NÃO | F43: 46161 | G43: =IF(H43<>"","✅ "&TEXT(H43,"HH:MM"),"→ Selecione a linha e use o menu ⏱️ Ponto") -> ✅ 08:00 | H43: 0.33333333 | I43: =IF(J43<>"","✅ "&TEXT(J43,"HH:MM"),"→ Selecione a linha e use o menu ⏱️ Ponto") -> ✅ 18:00 | J43: 0.75 | K43: =IF(AND(H43<>"",J43<>""),J43-H43,"") -> 0.41666667 | L43: =IF(AND(H43<>"",J43=""),"🟢 No Evento",IF(AND(H43<>"",J43<>""),"✅ Finalizado",IF(B43<>"","⏳ Não entrou",""))) -> ✅ Finalizado
A44: =42 -> 42 | B44: Eduardo Henrique do lago Ramos | C44: {=IF(B44="","",IFERROR(INDEX('FUNCIONÁRIOS'!$B$4:$B$501,MATCH(B44,'FUNCIONÁRIOS'!$C$4:$C$501,0)),""))} -> MONTE EVENTOS | D44: {=IF(B44="","",IFERROR(INDEX('FUNCIONÁRIOS'!$D$4:$D$501,MATCH(B44,'FUNCIONÁRIOS'!$C$4:$C$501,0)),""))} -> COORDENADOR/CEO | E44: {=IF(B44="","",IFERROR(INDEX('FUNCIONÁRIOS'!$E$4:$E$501,MATCH(B44,'FUNCIONÁRIOS'!$C$4:$C$501,0)),""))} -> SIM | F44: 46161 | G44: =IF(H44<>"","✅ "&TEXT(H44,"HH:MM"),"→ Selecione a linha e use o menu ⏱️ Ponto") -> ✅ 08:00 | H44: 0.33333333 | I44: =IF(J44<>"","✅ "&TEXT(J44,"HH:MM"),"→ Selecione a linha e use o menu ⏱️ Ponto") -> ✅ 18:00 | J44: 0.75 | K44: =IF(AND(H44<>"",J44<>""),J44-H44,"") -> 0.41666667 | L44: =IF(AND(H44<>"",J44=""),"🟢 No Evento",IF(AND(H44<>"",J44<>""),"✅ Finalizado",IF(B44<>"","⏳ Não entrou",""))) -> ✅ Finalizado
A45: =43 -> 43 | B45: Erik natan Lopes Machado | C45: {=IF(B45="","",IFERROR(INDEX('FUNCIONÁRIOS'!$B$4:$B$501,MATCH(B45,'FUNCIONÁRIOS'!$C$4:$C$501,0)),""))} -> MONTE EVENTOS | D45: {=IF(B45="","",IFERROR(INDEX('FUNCIONÁRIOS'!$D$4:$D$501,MATCH(B45,'FUNCIONÁRIOS'!$C$4:$C$501,0)),""))} -> MONTADOR | E45: {=IF(B45="","",IFERROR(INDEX('FUNCIONÁRIOS'!$E$4:$E$501,MATCH(B45,'FUNCIONÁRIOS'!$C$4:$C$501,0)),""))} -> NÃO | F45: 46161 | G45: =IF(H45<>"","✅ "&TEXT(H45,"HH:MM"),"→ Selecione a linha e use o menu ⏱️ Ponto") -> ✅ 08:00 | H45: 0.33333333 | I45: =IF(J45<>"","✅ "&TEXT(J45,"HH:MM"),"→ Selecione a linha e use o menu ⏱️ Ponto") -> ✅ 18:00 | J45: 0.75 | K45: =IF(AND(H45<>"",J45<>""),J45-H45,"") -> 0.41666667 | L45: =IF(AND(H45<>"",J45=""),"🟢 No Evento",IF(AND(H45<>"",J45<>""),"✅ Finalizado",IF(B45<>"","⏳ Não entrou",""))) -> ✅ Finalizado
A46: =44 -> 44 | B46: Renato de Araújo Morais | C46: {=IF(B46="","",IFERROR(INDEX('FUNCIONÁRIOS'!$B$4:$B$501,MATCH(B46,'FUNCIONÁRIOS'!$C$4:$C$501,0)),""))} -> MONTE EVENTOS | D46: {=IF(B46="","",IFERROR(INDEX('FUNCIONÁRIOS'!$D$4:$D$501,MATCH(B46,'FUNCIONÁRIOS'!$C$4:$C$501,0)),""))} -> MONTADOR | E46: {=IF(B46="","",IFERROR(INDEX('FUNCIONÁRIOS'!$E$4:$E$501,MATCH(B46,'FUNCIONÁRIOS'!$C$4:$C$501,0)),""))} -> NÃO | F46: 46161 | G46: =IF(H46<>"","✅ "&TEXT(H46,"HH:MM"),"→ Selecione a linha e use o menu ⏱️ Ponto") -> ✅ 08:00 | H46: 0.33333333 | I46: =IF(J46<>"","✅ "&TEXT(J46,"HH:MM"),"→ Selecione a linha e use o menu ⏱️ Ponto") -> ✅ 18:00 | J46: 0.75 | K46: =IF(AND(H46<>"",J46<>""),J46-H46,"") -> 0.41666667 | L46: =IF(AND(H46<>"",J46=""),"🟢 No Evento",IF(AND(H46<>"",J46<>""),"✅ Finalizado",IF(B46<>"","⏳ Não entrou",""))) -> ✅ Finalizado
A47: =45 -> 45 | B47: Sidney Marcelinho Martins | C47: {=IF(B47="","",IFERROR(INDEX('FUNCIONÁRIOS'!$B$4:$B$501,MATCH(B47,'FUNCIONÁRIOS'!$C$4:$C$501,0)),""))} -> MONTE EVENTOS | D47: {=IF(B47="","",IFERROR(INDEX('FUNCIONÁRIOS'!$D$4:$D$501,MATCH(B47,'FUNCIONÁRIOS'!$C$4:$C$501,0)),""))} -> MONTADOR | E47: {=IF(B47="","",IFERROR(INDEX('FUNCIONÁRIOS'!$E$4:$E$501,MATCH(B47,'FUNCIONÁRIOS'!$C$4:$C$501,0)),""))} -> NÃO | F47: 46161 | G47: =IF(H47<>"","✅ "&TEXT(H47,"HH:MM"),"→ Selecione a linha e use o menu ⏱️ Ponto") -> ✅ 08:00 | H47: 0.33333333 | I47: =IF(J47<>"","✅ "&TEXT(J47,"HH:MM"),"→ Selecione a linha e use o menu ⏱️ Ponto") -> ✅ 18:00 | J47: 0.75 | K47: =IF(AND(H47<>"",J47<>""),J47-H47,"") -> 0.41666667 | L47: =IF(AND(H47<>"",J47=""),"🟢 No Evento",IF(AND(H47<>"",J47<>""),"✅ Finalizado",IF(B47<>"","⏳ Não entrou",""))) -> ✅ Finalizado
A48: =46 -> 46 | B48: Hananias Sousa Alves dos santos | C48: {=IF(B48="","",IFERROR(INDEX('FUNCIONÁRIOS'!$B$4:$B$501,MATCH(B48,'FUNCIONÁRIOS'!$C$4:$C$501,0)),""))} -> MONTE EVENTOS | D48: {=IF(B48="","",IFERROR(INDEX('FUNCIONÁRIOS'!$D$4:$D$501,MATCH(B48,'FUNCIONÁRIOS'!$C$4:$C$501,0)),""))} -> MONTADOR | E48: {=IF(B48="","",IFERROR(INDEX('FUNCIONÁRIOS'!$E$4:$E$501,MATCH(B48,'FUNCIONÁRIOS'!$C$4:$C$501,0)),""))} -> NÃO | F48: 46161 | G48: =IF(H48<>"","✅ "&TEXT(H48,"HH:MM"),"→ Selecione a linha e use o menu ⏱️ Ponto") -> ✅ 08:00 | H48: 0.33333333 | I48: =IF(J48<>"","✅ "&TEXT(J48,"HH:MM"),"→ Selecione a linha e use o menu ⏱️ Ponto") -> ✅ 18:00 | J48: 0.75 | K48: =IF(AND(H48<>"",J48<>""),J48-H48,"") -> 0.41666667 | L48: =IF(AND(H48<>"",J48=""),"🟢 No Evento",IF(AND(H48<>"",J48<>""),"✅ Finalizado",IF(B48<>"","⏳ Não entrou",""))) -> ✅ Finalizado
A49: =47 -> 47 | B49: Ruan Andrade Braga | C49: {=IF(B49="","",IFERROR(INDEX('FUNCIONÁRIOS'!$B$4:$B$501,MATCH(B49,'FUNCIONÁRIOS'!$C$4:$C$501,0)),""))} -> MONTE EVENTOS | D49: {=IF(B49="","",IFERROR(INDEX('FUNCIONÁRIOS'!$D$4:$D$501,MATCH(B49,'FUNCIONÁRIOS'!$C$4:$C$501,0)),""))} -> MONTADOR | E49: {=IF(B49="","",IFERROR(INDEX('FUNCIONÁRIOS'!$E$4:$E$501,MATCH(B49,'FUNCIONÁRIOS'!$C$4:$C$501,0)),""))} -> NÃO | F49: 46161 | G49: =IF(H49<>"","✅ "&TEXT(H49,"HH:MM"),"→ Selecione a linha e use o menu ⏱️ Ponto") -> ✅ 08:00 | H49: 0.33333333 | I49: =IF(J49<>"","✅ "&TEXT(J49,"HH:MM"),"→ Selecione a linha e use o menu ⏱️ Ponto") -> ✅ 18:00 | J49: 0.75 | K49: =IF(AND(H49<>"",J49<>""),J49-H49,"") -> 0.41666667 | L49: =IF(AND(H49<>"",J49=""),"🟢 No Evento",IF(AND(H49<>"",J49<>""),"✅ Finalizado",IF(B49<>"","⏳ Não entrou",""))) -> ✅ Finalizado
A50: =48 -> 48 | B50: Washington Carlos Nascimento Costa | C50: {=IF(B50="","",IFERROR(INDEX('FUNCIONÁRIOS'!$B$4:$B$501,MATCH(B50,'FUNCIONÁRIOS'!$C$4:$C$501,0)),""))} -> MONTE EVENTOS | D50: {=IF(B50="","",IFERROR(INDEX('FUNCIONÁRIOS'!$D$4:$D$501,MATCH(B50,'FUNCIONÁRIOS'!$C$4:$C$501,0)),""))} -> MONTADOR | E50: {=IF(B50="","",IFERROR(INDEX('FUNCIONÁRIOS'!$E$4:$E$501,MATCH(B50,'FUNCIONÁRIOS'!$C$4:$C$501,0)),""))} -> NÃO | F50: 46161 | G50: =IF(H50<>"","✅ "&TEXT(H50,"HH:MM"),"→ Selecione a linha e use o menu ⏱️ Ponto") -> ✅ 08:00 | H50: 0.33333333 | I50: =IF(J50<>"","✅ "&TEXT(J50,"HH:MM"),"→ Selecione a linha e use o menu ⏱️ Ponto") -> ✅ 18:00 | J50: 0.75 | K50: =IF(AND(H50<>"",J50<>""),J50-H50,"") -> 0.41666667 | L50: =IF(AND(H50<>"",J50=""),"🟢 No Evento",IF(AND(H50<>"",J50<>""),"✅ Finalizado",IF(B50<>"","⏳ Não entrou",""))) -> ✅ Finalizado
A51: =49 -> 49 | B51: Leonardo de Andrade Estevão | C51: {=IF(B51="","",IFERROR(INDEX('FUNCIONÁRIOS'!$B$4:$B$501,MATCH(B51,'FUNCIONÁRIOS'!$C$4:$C$501,0)),""))} -> MONTE EVENTOS | D51: {=IF(B51="","",IFERROR(INDEX('FUNCIONÁRIOS'!$D$4:$D$501,MATCH(B51,'FUNCIONÁRIOS'!$C$4:$C$501,0)),""))} -> MONTADOR | E51: {=IF(B51="","",IFERROR(INDEX('FUNCIONÁRIOS'!$E$4:$E$501,MATCH(B51,'FUNCIONÁRIOS'!$C$4:$C$501,0)),""))} -> NÃO | F51: 46161 | G51: =IF(H51<>"","✅ "&TEXT(H51,"HH:MM"),"→ Selecione a linha e use o menu ⏱️ Ponto") -> ✅ 08:00 | H51: 0.33333333 | I51: =IF(J51<>"","✅ "&TEXT(J51,"HH:MM"),"→ Selecione a linha e use o menu ⏱️ Ponto") -> ✅ 18:00 | J51: 0.75 | K51: =IF(AND(H51<>"",J51<>""),J51-H51,"") -> 0.41666667 | L51: =IF(AND(H51<>"",J51=""),"🟢 No Evento",IF(AND(H51<>"",J51<>""),"✅ Finalizado",IF(B51<>"","⏳ Não entrou",""))) -> ✅ Finalizado
A52: =50 -> 50 | B52: kauan de Souza Morais | C52: {=IF(B52="","",IFERROR(INDEX('FUNCIONÁRIOS'!$B$4:$B$501,MATCH(B52,'FUNCIONÁRIOS'!$C$4:$C$501,0)),""))} -> MONTE EVENTOS | D52: {=IF(B52="","",IFERROR(INDEX('FUNCIONÁRIOS'!$D$4:$D$501,MATCH(B52,'FUNCIONÁRIOS'!$C$4:$C$501,0)),""))} -> MONTADOR | E52: {=IF(B52="","",IFERROR(INDEX('FUNCIONÁRIOS'!$E$4:$E$501,MATCH(B52,'FUNCIONÁRIOS'!$C$4:$C$501,0)),""))} -> NÃO | F52: 46161 | G52: =IF(H52<>"","✅ "&TEXT(H52,"HH:MM"),"→ Selecione a linha e use o menu ⏱️ Ponto") -> ✅ 08:00 | H52: 0.33333333 | I52: =IF(J52<>"","✅ "&TEXT(J52,"HH:MM"),"→ Selecione a linha e use o menu ⏱️ Ponto") -> ✅ 18:00 | J52: 0.75 | K52: =IF(AND(H52<>"",J52<>""),J52-H52,"") -> 0.41666667 | L52: =IF(AND(H52<>"",J52=""),"🟢 No Evento",IF(AND(H52<>"",J52<>""),"✅ Finalizado",IF(B52<>"","⏳ Não entrou",""))) -> ✅ Finalizado
A53: =51 -> 51 | B53: Luis Felipe Cruz da Silva | C53: {=IF(B53="","",IFERROR(INDEX('FUNCIONÁRIOS'!$B$4:$B$501,MATCH(B53,'FUNCIONÁRIOS'!$C$4:$C$501,0)),""))} -> MONTE EVENTOS | D53: {=IF(B53="","",IFERROR(INDEX('FUNCIONÁRIOS'!$D$4:$D$501,MATCH(B53,'FUNCIONÁRIOS'!$C$4:$C$501,0)),""))} -> MONTADOR | E53: {=IF(B53="","",IFERROR(INDEX('FUNCIONÁRIOS'!$E$4:$E$501,MATCH(B53,'FUNCIONÁRIOS'!$C$4:$C$501,0)),""))} -> NÃO | F53: 46161 | G53: =IF(H53<>"","✅ "&TEXT(H53,"HH:MM"),"→ Selecione a linha e use o menu ⏱️ Ponto") -> ✅ 08:00 | H53: 0.33333333 | I53: =IF(J53<>"","✅ "&TEXT(J53,"HH:MM"),"→ Selecione a linha e use o menu ⏱️ Ponto") -> ✅ 18:00 | J53: 0.75 | K53: =IF(AND(H53<>"",J53<>""),J53-H53,"") -> 0.41666667 | L53: =IF(AND(H53<>"",J53=""),"🟢 No Evento",IF(AND(H53<>"",J53<>""),"✅ Finalizado",IF(B53<>"","⏳ Não entrou",""))) -> ✅ Finalizado
A54: =52 -> 52 | B54: Guilherme Silva dos Anjos | C54: {=IF(B54="","",IFERROR(INDEX('FUNCIONÁRIOS'!$B$4:$B$501,MATCH(B54,'FUNCIONÁRIOS'!$C$4:$C$501,0)),""))} -> MONTE EVENTOS | D54: {=IF(B54="","",IFERROR(INDEX('FUNCIONÁRIOS'!$D$4:$D$501,MATCH(B54,'FUNCIONÁRIOS'!$C$4:$C$501,0)),""))} -> MONTADOR | E54: {=IF(B54="","",IFERROR(INDEX('FUNCIONÁRIOS'!$E$4:$E$501,MATCH(B54,'FUNCIONÁRIOS'!$C$4:$C$501,0)),""))} -> NÃO | F54: 46161 | G54: =IF(H54<>"","✅ "&TEXT(H54,"HH:MM"),"→ Selecione a linha e use o menu ⏱️ Ponto") -> ✅ 08:00 | H54: 0.33333333 | I54: =IF(J54<>"","✅ "&TEXT(J54,"HH:MM"),"→ Selecione a linha e use o menu ⏱️ Ponto") -> ✅ 18:00 | J54: 0.75 | K54: =IF(AND(H54<>"",J54<>""),J54-H54,"") -> 0.41666667 | L54: =IF(AND(H54<>"",J54=""),"🟢 No Evento",IF(AND(H54<>"",J54<>""),"✅ Finalizado",IF(B54<>"","⏳ Não entrou",""))) -> ✅ Finalizado
A55: =53 -> 53 | B55: Genário da conceição Diniz | C55: {=IF(B55="","",IFERROR(INDEX('FUNCIONÁRIOS'!$B$4:$B$501,MATCH(B55,'FUNCIONÁRIOS'!$C$4:$C$501,0)),""))} -> MONTE EVENTOS | D55: {=IF(B55="","",IFERROR(INDEX('FUNCIONÁRIOS'!$D$4:$D$501,MATCH(B55,'FUNCIONÁRIOS'!$C$4:$C$501,0)),""))} -> MONTADOR | E55: {=IF(B55="","",IFERROR(INDEX('FUNCIONÁRIOS'!$E$4:$E$501,MATCH(B55,'FUNCIONÁRIOS'!$C$4:$C$501,0)),""))} -> NÃO | F55: 46161 | G55: =IF(H55<>"","✅ "&TEXT(H55,"HH:MM"),"→ Selecione a linha e use o menu ⏱️ Ponto") -> ✅ 08:00 | H55: 0.33333333 | I55: =IF(J55<>"","✅ "&TEXT(J55,"HH:MM"),"→ Selecione a linha e use o menu ⏱️ Ponto") -> ✅ 18:00 | J55: 0.75 | K55: =IF(AND(H55<>"",J55<>""),J55-H55,"") -> 0.41666667 | L55: =IF(AND(H55<>"",J55=""),"🟢 No Evento",IF(AND(H55<>"",J55<>""),"✅ Finalizado",IF(B55<>"","⏳ Não entrou",""))) -> ✅ Finalizado
A56: =54 -> 54 | B56: Edna Maria da Silva Olívia | C56: {=IF(B56="","",IFERROR(INDEX('FUNCIONÁRIOS'!$B$4:$B$501,MATCH(B56,'FUNCIONÁRIOS'!$C$4:$C$501,0)),""))} -> FLASH MED | D56: {=IF(B56="","",IFERROR(INDEX('FUNCIONÁRIOS'!$D$4:$D$501,MATCH(B56,'FUNCIONÁRIOS'!$C$4:$C$501,0)),""))} -> SOCORRITA | E56: {=IF(B56="","",IFERROR(INDEX('FUNCIONÁRIOS'!$E$4:$E$501,MATCH(B56,'FUNCIONÁRIOS'!$C$4:$C$501,0)),""))} -> NÃO | F56: 46161 | G56: =IF(H56<>"","✅ "&TEXT(H56,"HH:MM"),"→ Selecione a linha e use o menu ⏱️ Ponto") -> ✅ 08:00 | H56: 0.33333333 | I56: =IF(J56<>"","✅ "&TEXT(J56,"HH:MM"),"→ Selecione a linha e use o menu ⏱️ Ponto") -> ✅ 18:00 | J56: 0.75 | K56: =IF(AND(H56<>"",J56<>""),J56-H56,"") -> 0.41666667 | L56: =IF(AND(H56<>"",J56=""),"🟢 No Evento",IF(AND(H56<>"",J56<>""),"✅ Finalizado",IF(B56<>"","⏳ Não entrou",""))) -> ✅ Finalizado
A57: =55 -> 55 | B57: José Alberto de Oliveira | C57: flASH MED | D57: {=IF(B57="","",IFERROR(INDEX('FUNCIONÁRIOS'!$D$4:$D$501,MATCH(B57,'FUNCIONÁRIOS'!$C$4:$C$501,0)),""))} -> Socorrista | E57: {=IF(B57="","",IFERROR(INDEX('FUNCIONÁRIOS'!$E$4:$E$501,MATCH(B57,'FUNCIONÁRIOS'!$C$4:$C$501,0)),""))} -> NÃO | F57: 46161 | G57: =IF(H57<>"","✅ "&TEXT(H57,"HH:MM"),"→ Selecione a linha e use o menu ⏱️ Ponto") -> ✅ 08:00 | H57: 0.33333333 | I57: =IF(J57<>"","✅ "&TEXT(J57,"HH:MM"),"→ Selecione a linha e use o menu ⏱️ Ponto") -> ✅ 18:00 | J57: 0.75 | K57: =IF(AND(H57<>"",J57<>""),J57-H57,"") -> 0.41666667 | L57: =IF(AND(H57<>"",J57=""),"🟢 No Evento",IF(AND(H57<>"",J57<>""),"✅ Finalizado",IF(B57<>"","⏳ Não entrou",""))) -> ✅ Finalizado
A58: =56 -> 56 | B58: Vinicius Monteiro Silva | C58: {=IF(B58="","",IFERROR(INDEX('FUNCIONÁRIOS'!$B$4:$B$501,MATCH(B58,'FUNCIONÁRIOS'!$C$4:$C$501,0)),""))} -> BIGODE | D58: {=IF(B58="","",IFERROR(INDEX('FUNCIONÁRIOS'!$D$4:$D$501,MATCH(B58,'FUNCIONÁRIOS'!$C$4:$C$501,0)),""))} -> CONTROLE DE ACESSO | E58: {=IF(B58="","",IFERROR(INDEX('FUNCIONÁRIOS'!$E$4:$E$501,MATCH(B58,'FUNCIONÁRIOS'!$C$4:$C$501,0)),""))} -> NÃO | F58: 46161 | G58: =IF(H58<>"","✅ "&TEXT(H58,"HH:MM"),"→ Selecione a linha e use o menu ⏱️ Ponto") -> ✅ 08:00 | H58: 0.33333333 | I58: =IF(J58<>"","✅ "&TEXT(J58,"HH:MM"),"→ Selecione a linha e use o menu ⏱️ Ponto") -> ✅ 18:00 | J58: 0.75 | K58: =IF(AND(H58<>"",J58<>""),J58-H58,"") -> 0.41666667 | L58: =IF(AND(H58<>"",J58=""),"🟢 No Evento",IF(AND(H58<>"",J58<>""),"✅ Finalizado",IF(B58<>"","⏳ Não entrou",""))) -> ✅ Finalizado
A59: =57 -> 57 | B59: Ronara Moreira Borges Meireles | C59: {=IF(B59="","",IFERROR(INDEX('FUNCIONÁRIOS'!$B$4:$B$501,MATCH(B59,'FUNCIONÁRIOS'!$C$4:$C$501,0)),""))} -> BIGODE | D59: {=IF(B59="","",IFERROR(INDEX('FUNCIONÁRIOS'!$D$4:$D$501,MATCH(B59,'FUNCIONÁRIOS'!$C$4:$C$501,0)),""))} -> CONTROLE DE ACESSO | E59: {=IF(B59="","",IFERROR(INDEX('FUNCIONÁRIOS'!$E$4:$E$501,MATCH(B59,'FUNCIONÁRIOS'!$C$4:$C$501,0)),""))} -> NÃO | F59: 46161 | G59: =IF(H59<>"","✅ "&TEXT(H59,"HH:MM"),"→ Selecione a linha e use o menu ⏱️ Ponto") -> ✅ 08:00 | H59: 0.33333333 | I59: =IF(J59<>"","✅ "&TEXT(J59,"HH:MM"),"→ Selecione a linha e use o menu ⏱️ Ponto") -> ✅ 18:00 | J59: 0.75 | K59: =IF(AND(H59<>"",J59<>""),J59-H59,"") -> 0.41666667 | L59: =IF(AND(H59<>"",J59=""),"🟢 No Evento",IF(AND(H59<>"",J59<>""),"✅ Finalizado",IF(B59<>"","⏳ Não entrou",""))) -> ✅ Finalizado
A60: =58 -> 58 | B60: WILKER JUNIO MOREIRA DA CUNHA | C60: {=IF(B60="","",IFERROR(INDEX('FUNCIONÁRIOS'!$B$4:$B$501,MATCH(B60,'FUNCIONÁRIOS'!$C$4:$C$501,0)),""))} -> BIGODE | D60: {=IF(B60="","",IFERROR(INDEX('FUNCIONÁRIOS'!$D$4:$D$501,MATCH(B60,'FUNCIONÁRIOS'!$C$4:$C$501,0)),""))} -> CONTROLE DE ACESSO | E60: {=IF(B60="","",IFERROR(INDEX('FUNCIONÁRIOS'!$E$4:$E$501,MATCH(B60,'FUNCIONÁRIOS'!$C$4:$C$501,0)),""))} -> NÃO | F60: 46161 | G60: =IF(H60<>"","✅ "&TEXT(H60,"HH:MM"),"→ Selecione a linha e use o menu ⏱️ Ponto") -> ✅ 08:00 | H60: 0.33333333 | I60: =IF(J60<>"","✅ "&TEXT(J60,"HH:MM"),"→ Selecione a linha e use o menu ⏱️ Ponto") -> ✅ 18:00 | J60: 0.75 | K60: =IF(AND(H60<>"",J60<>""),J60-H60,"") -> 0.41666667 | L60: =IF(AND(H60<>"",J60=""),"🟢 No Evento",IF(AND(H60<>"",J60<>""),"✅ Finalizado",IF(B60<>"","⏳ Não entrou",""))) -> ✅ Finalizado
A61: =59 -> 59 | B61: BRUNO CHAVES E SILVA | C61: {=IF(B61="","",IFERROR(INDEX('FUNCIONÁRIOS'!$B$4:$B$501,MATCH(B61,'FUNCIONÁRIOS'!$C$4:$C$501,0)),""))} -> MONTE EVENTOS | D61: {=IF(B61="","",IFERROR(INDEX('FUNCIONÁRIOS'!$D$4:$D$501,MATCH(B61,'FUNCIONÁRIOS'!$C$4:$C$501,0)),""))} -> DIRETOR | E61: {=IF(B61="","",IFERROR(INDEX('FUNCIONÁRIOS'!$E$4:$E$501,MATCH(B61,'FUNCIONÁRIOS'!$C$4:$C$501,0)),""))} -> SIM | F61: 46161 | G61: =IF(H61<>"","✅ "&TEXT(H61,"HH:MM"),"→ Selecione a linha e use o menu ⏱️ Ponto") -> ✅ 08:20 | H61: 0.34722222 | I61: =IF(J61<>"","✅ "&TEXT(J61,"HH:MM"),"→ Selecione a linha e use o menu ⏱️ Ponto") -> ✅ 12:03 | J61: 0.50208333 | K61: =IF(AND(H61<>"",J61<>""),J61-H61,"") -> 0.15486111 | L61: =IF(AND(H61<>"",J61=""),"🟢 No Evento",IF(AND(H61<>"",J61<>""),"✅ Finalizado",IF(B61<>"","⏳ Não entrou",""))) -> ✅ Finalizado
A62: =60 -> 60 | B62: ROBSON MORERIRA MARTINS | C62: {=IF(B62="","",IFERROR(INDEX('FUNCIONÁRIOS'!$B$4:$B$501,MATCH(B62,'FUNCIONÁRIOS'!$C$4:$C$501,0)),""))} -> UP MUSIC | D62: {=IF(B62="","",IFERROR(INDEX('FUNCIONÁRIOS'!$D$4:$D$501,MATCH(B62,'FUNCIONÁRIOS'!$C$4:$C$501,0)),""))} -> PRODUTOR DE PALCO | E62: {=IF(B62="","",IFERROR(INDEX('FUNCIONÁRIOS'!$E$4:$E$501,MATCH(B62,'FUNCIONÁRIOS'!$C$4:$C$501,0)),""))} -> NÃO | F62: 46161 | G62: =IF(H62<>"","✅ "&TEXT(H62,"HH:MM"),"→ Selecione a linha e use o menu ⏱️ Ponto") -> ✅ 09:33 | H62: 09:33 | I62: =IF(J62<>"","✅ "&TEXT(J62,"HH:MM"),"→ Selecione a linha e use o menu ⏱️ Ponto") -> ✅ 17:00 | J62: 0.70833333 | K62: 0.31041667 | L62: =IF(AND(H62<>"",J62=""),"🟢 No Evento",IF(AND(H62<>"",J62<>""),"✅ Finalizado",IF(B62<>"","⏳ Não entrou",""))) -> ✅ Finalizado
A63: =61 -> 61 | B63: ALICE RIBEIRO LEITE | C63: {=IF(B63="","",IFERROR(INDEX('FUNCIONÁRIOS'!$B$4:$B$501,MATCH(B63,'FUNCIONÁRIOS'!$C$4:$C$501,0)),""))} -> PONCIANO SOLUÇÕES | D63: {=IF(B63="","",IFERROR(INDEX('FUNCIONÁRIOS'!$D$4:$D$501,MATCH(B63,'FUNCIONÁRIOS'!$C$4:$C$501,0)),""))} -> CREDENCIAMENTO | E63: {=IF(B63="","",IFERROR(INDEX('FUNCIONÁRIOS'!$E$4:$E$501,MATCH(B63,'FUNCIONÁRIOS'!$C$4:$C$501,0)),""))} -> NÃO | F63: 46161 | G63: =IF(H63<>"","✅ "&TEXT(H63,"HH:MM"),"→ Selecione a linha e use o menu ⏱️ Ponto") -> ✅ 08:00 | H63: 0.33333333 | I63: =IF(J63<>"","✅ "&TEXT(J63,"HH:MM"),"→ Selecione a linha e use o menu ⏱️ Ponto") -> ✅ 18:12 | J63: 0.75833333 | K63: =IF(AND(H63<>"",J63<>""),J63-H63,"") -> 0.425 | L63: =IF(AND(H63<>"",J63=""),"🟢 No Evento",IF(AND(H63<>"",J63<>""),"✅ Finalizado",IF(B63<>"","⏳ Não entrou",""))) -> ✅ Finalizado
A64: =62 -> 62 | B64: Taylon Vitor Soares de Alencar | C64: {=IF(B64="","",IFERROR(INDEX('FUNCIONÁRIOS'!$B$4:$B$501,MATCH(B64,'FUNCIONÁRIOS'!$C$4:$C$501,0)),""))} -> MONTE EVENTOS | D64: {=IF(B64="","",IFERROR(INDEX('FUNCIONÁRIOS'!$D$4:$D$501,MATCH(B64,'FUNCIONÁRIOS'!$C$4:$C$501,0)),""))} -> MONTADOR | E64: {=IF(B64="","",IFERROR(INDEX('FUNCIONÁRIOS'!$E$4:$E$501,MATCH(B64,'FUNCIONÁRIOS'!$C$4:$C$501,0)),""))} -> NÃO | F64: 46161 | G64: =IF(H64<>"","✅ "&TEXT(H64,"HH:MM"),"→ Selecione a linha e use o menu ⏱️ Ponto") -> ✅ 13:34 | H64: 0.56527778 | I64: =IF(J64<>"","✅ "&TEXT(J64,"HH:MM"),"→ Selecione a linha e use o menu ⏱️ Ponto") -> ✅ 18:00 | J64: 0.75 | K64: =IF(AND(H64<>"",J64<>""),J64-H64,"") -> 0.18472222 | L64: =IF(AND(H64<>"",J64=""),"🟢 No Evento",IF(AND(H64<>"",J64<>""),"✅ Finalizado",IF(B64<>"","⏳ Não entrou",""))) -> ✅ Finalizado
A65: =63 -> 63 | B65: Iago Oliveira de Souza | C65: {=IF(B65="","",IFERROR(INDEX('FUNCIONÁRIOS'!$B$4:$B$501,MATCH(B65,'FUNCIONÁRIOS'!$C$4:$C$501,0)),""))} | D65: {=IF(B65="","",IFERROR(INDEX('FUNCIONÁRIOS'!$D$4:$D$501,MATCH(B65,'FUNCIONÁRIOS'!$C$4:$C$501,0)),""))} | E65: {=IF(B65="","",IFERROR(INDEX('FUNCIONÁRIOS'!$E$4:$E$501,MATCH(B65,'FUNCIONÁRIOS'!$C$4:$C$501,0)),""))} | F65: 46161 | G65: =IF(H65<>"","✅ "&TEXT(H65,"HH:MM"),"→ Selecione a linha e use o menu ⏱️ Ponto") -> ✅ 13:34 | H65: 0.56527778 | I65: =IF(J65<>"","✅ "&TEXT(J65,"HH:MM"),"→ Selecione a linha e use o menu ⏱️ Ponto") -> ✅ 18:00 | J65: 0.75 | K65: =IF(AND(H65<>"",J65<>""),J65-H65,"") -> 0.18472222 | L65: =IF(AND(H65<>"",J65=""),"🟢 No Evento",IF(AND(H65<>"",J65<>""),"✅ Finalizado",IF(B65<>"","⏳ Não entrou",""))) -> ✅ Finalizado
A66: =64 -> 64 | B66: Gustavo Danilo Costa Tavares | C66: {=IF(B66="","",IFERROR(INDEX('FUNCIONÁRIOS'!$B$4:$B$501,MATCH(B66,'FUNCIONÁRIOS'!$C$4:$C$501,0)),""))} -> MONTE EVENTOS | D66: {=IF(B66="","",IFERROR(INDEX('FUNCIONÁRIOS'!$D$4:$D$501,MATCH(B66,'FUNCIONÁRIOS'!$C$4:$C$501,0)),""))} -> MONTADOR | E66: {=IF(B66="","",IFERROR(INDEX('FUNCIONÁRIOS'!$E$4:$E$501,MATCH(B66,'FUNCIONÁRIOS'!$C$4:$C$501,0)),""))} -> NÃO | F66: 46161 | G66: =IF(H66<>"","✅ "&TEXT(H66,"HH:MM"),"→ Selecione a linha e use o menu ⏱️ Ponto") -> ✅ 13:35 | H66: 0.56597222 | I66: =IF(J66<>"","✅ "&TEXT(J66,"HH:MM"),"→ Selecione a linha e use o menu ⏱️ Ponto") -> ✅ 18:00 | J66: 0.75 | K66: =IF(AND(H66<>"",J66<>""),J66-H66,"") -> 0.18402778 | L66: =IF(AND(H66<>"",J66=""),"🟢 No Evento",IF(AND(H66<>"",J66<>""),"✅ Finalizado",IF(B66<>"","⏳ Não entrou",""))) -> ✅ Finalizado
A67: =65 -> 65 | B67: DALTON WESLEY SILVA | C67: {=IF(B67="","",IFERROR(INDEX('FUNCIONÁRIOS'!$B$4:$B$501,MATCH(B67,'FUNCIONÁRIOS'!$C$4:$C$501,0)),""))} | D67: {=IF(B67="","",IFERROR(INDEX('FUNCIONÁRIOS'!$D$4:$D$501,MATCH(B67,'FUNCIONÁRIOS'!$C$4:$C$501,0)),""))} -> GERENTE | E67: {=IF(B67="","",IFERROR(INDEX('FUNCIONÁRIOS'!$E$4:$E$501,MATCH(B67,'FUNCIONÁRIOS'!$C$4:$C$501,0)),""))} -> NÃO | F67: 46161 | G67: =IF(H67<>"","✅ "&TEXT(H67,"HH:MM"),"→ Selecione a linha e use o menu ⏱️ Ponto") -> ✅ 14:15 | H67: 0.59375 | I67: =IF(J67<>"","✅ "&TEXT(J67,"HH:MM"),"→ Selecione a linha e use o menu ⏱️ Ponto") -> ✅ 17:00 | J67: 0.70833333 | K67: =IF(AND(H67<>"",J67<>""),J67-H67,"") -> 0.11458333 | L67: =IF(AND(H67<>"",J67=""),"🟢 No Evento",IF(AND(H67<>"",J67<>""),"✅ Finalizado",IF(B67<>"","⏳ Não entrou",""))) -> ✅ Finalizado
A68: =66 -> 66 | B68: MICHAEL DOUGLAS CAVAION GOMES | C68: {=IF(B68="","",IFERROR(INDEX('FUNCIONÁRIOS'!$B$4:$B$501,MATCH(B68,'FUNCIONÁRIOS'!$C$4:$C$501,0)),""))} -> ASSOCIAÇÃO ASSUNÇÃO | D68: {=IF(B68="","",IFERROR(INDEX('FUNCIONÁRIOS'!$D$4:$D$501,MATCH(B68,'FUNCIONÁRIOS'!$C$4:$C$501,0)),""))} -> ADMINISTRATIVO | E68: {=IF(B68="","",IFERROR(INDEX('FUNCIONÁRIOS'!$E$4:$E$501,MATCH(B68,'FUNCIONÁRIOS'!$C$4:$C$501,0)),""))} -> SIM | F68: 46161 | G68: =IF(H68<>"","✅ "&TEXT(H68,"HH:MM"),"→ Selecione a linha e use o menu ⏱️ Ponto") -> ✅ 15:15 | H68: 0.63541667 | I68: =IF(J68<>"","✅ "&TEXT(J68,"HH:MM"),"→ Selecione a linha e use o menu ⏱️ Ponto") -> ✅ 17:40 | J68: 0.73611111 | K68: =IF(AND(H68<>"",J68<>""),J68-H68,"") -> 0.10069444 | L68: =IF(AND(H68<>"",J68=""),"🟢 No Evento",IF(AND(H68<>"",J68<>""),"✅ Finalizado",IF(B68<>"","⏳ Não entrou",""))) -> ✅ Finalizado
A69: =67 -> 67 | B69: SAMANTHA BARREIRA SILVA | C69: {=IF(B69="","",IFERROR(INDEX('FUNCIONÁRIOS'!$B$4:$B$501,MATCH(B69,'FUNCIONÁRIOS'!$C$4:$C$501,0)),""))} -> YES | D69: {=IF(B69="","",IFERROR(INDEX('FUNCIONÁRIOS'!$D$4:$D$501,MATCH(B69,'FUNCIONÁRIOS'!$C$4:$C$501,0)),""))} -> TEC SEGURANÇA DO TRABALHO | E69: {=IF(B69="","",IFERROR(INDEX('FUNCIONÁRIOS'!$E$4:$E$501,MATCH(B69,'FUNCIONÁRIOS'!$C$4:$C$501,0)),""))} -> NÃO | F69: 46161 | G69: =IF(H69<>"","✅ "&TEXT(H69,"HH:MM"),"→ Selecione a linha e use o menu ⏱️ Ponto") -> ✅ 16:58 | H69: 0.70694444 | I69: =IF(J69<>"","✅ "&TEXT(J69,"HH:MM"),"→ Selecione a linha e use o menu ⏱️ Ponto") -> ✅ 17:40 | J69: 0.73611111 | K69: =IF(AND(H69<>"",J69<>""),J69-H69,"") -> 0.029166667 | L69: =IF(AND(H69<>"",J69=""),"🟢 No Evento",IF(AND(H69<>"",J69<>""),"✅ Finalizado",IF(B69<>"","⏳ Não entrou",""))) -> ✅ Finalizado
A70: =68 -> 68 | B70: JULIANA CUNHA BARBOSA | C70: {=IF(B70="","",IFERROR(INDEX('FUNCIONÁRIOS'!$B$4:$B$501,MATCH(B70,'FUNCIONÁRIOS'!$C$4:$C$501,0)),""))} -> FABINHO EVENTOS | D70: {=IF(B70="","",IFERROR(INDEX('FUNCIONÁRIOS'!$D$4:$D$501,MATCH(B70,'FUNCIONÁRIOS'!$C$4:$C$501,0)),""))} -> PRODUTORA | E70: {=IF(B70="","",IFERROR(INDEX('FUNCIONÁRIOS'!$E$4:$E$501,MATCH(B70,'FUNCIONÁRIOS'!$C$4:$C$501,0)),""))} -> NÃO | F70: 46161 | G70: =IF(H70<>"","✅ "&TEXT(H70,"HH:MM"),"→ Selecione a linha e use o menu ⏱️ Ponto") -> ✅ 15:20 | H70: 0.63888889 | I70: =IF(J70<>"","✅ "&TEXT(J70,"HH:MM"),"→ Selecione a linha e use o menu ⏱️ Ponto") -> ✅ 17:41 | J70: 0.73680556 | K70: =IF(AND(H70<>"",J70<>""),J70-H70,"") -> 0.097916667 | L70: =IF(AND(H70<>"",J70=""),"🟢 No Evento",IF(AND(H70<>"",J70<>""),"✅ Finalizado",IF(B70<>"","⏳ Não entrou",""))) -> ✅ Finalizado
A71: =69 -> 69 | B71: DIVINO ETERNO DE MARTINS | C71: {=IF(B71="","",IFERROR(INDEX('FUNCIONÁRIOS'!$B$4:$B$501,MATCH(B71,'FUNCIONÁRIOS'!$C$4:$C$501,0)),""))} -> LINQ | D71: {=IF(B71="","",IFERROR(INDEX('FUNCIONÁRIOS'!$D$4:$D$501,MATCH(B71,'FUNCIONÁRIOS'!$C$4:$C$501,0)),""))} -> SUPERVISOR DE LANÇAMENTO | E71: {=IF(B71="","",IFERROR(INDEX('FUNCIONÁRIOS'!$E$4:$E$501,MATCH(B71,'FUNCIONÁRIOS'!$C$4:$C$501,0)),""))} -> NÃO | F71: 46161 | G71: =IF(H71<>"","✅ "&TEXT(H71,"HH:MM"),"→ Selecione a linha e use o menu ⏱️ Ponto") -> ✅ 15:31 | H71: 0.64652778 | I71: =IF(J71<>"","✅ "&TEXT(J71,"HH:MM"),"→ Selecione a linha e use o menu ⏱️ Ponto") -> ✅ 17:00 | J71: 0.70833333 | K71: =IF(AND(H71<>"",J71<>""),J71-H71,"") -> 0.061805556 | L71: =IF(AND(H71<>"",J71=""),"🟢 No Evento",IF(AND(H71<>"",J71<>""),"✅ Finalizado",IF(B71<>"","⏳ Não entrou",""))) -> ✅ Finalizado
A72: =70 -> 70 | B72: ANTONIANDER DE JESUS | C72: {=IF(B72="","",IFERROR(INDEX('FUNCIONÁRIOS'!$B$4:$B$501,MATCH(B72,'FUNCIONÁRIOS'!$C$4:$C$501,0)),""))} -> LINQ | D72: {=IF(B72="","",IFERROR(INDEX('FUNCIONÁRIOS'!$D$4:$D$501,MATCH(B72,'FUNCIONÁRIOS'!$C$4:$C$501,0)),""))} -> SUPERVISOR DE LANÇAMENTO | E72: {=IF(B72="","",IFERROR(INDEX('FUNCIONÁRIOS'!$E$4:$E$501,MATCH(B72,'FUNCIONÁRIOS'!$C$4:$C$501,0)),""))} -> SIM | F72: 46161 | G72: =IF(H72<>"","✅ "&TEXT(H72,"HH:MM"),"→ Selecione a linha e use o menu ⏱️ Ponto") -> ✅ 15:31 | H72: 0.64652778 | I72: =IF(J72<>"","✅ "&TEXT(J72,"HH:MM"),"→ Selecione a linha e use o menu ⏱️ Ponto") -> ✅ 17:00 | J72: 0.70833333 | K72: =IF(AND(H72<>"",J72<>""),J72-H72,"") -> 0.061805556 | L72: =IF(AND(H72<>"",J72=""),"🟢 No Evento",IF(AND(H72<>"",J72<>""),"✅ Finalizado",IF(B72<>"","⏳ Não entrou",""))) -> ✅ Finalizado
A73: =71 -> 71 | B73: FELIPE FREIRE REIS | C73: {=IF(B73="","",IFERROR(INDEX('FUNCIONÁRIOS'!$B$4:$B$501,MATCH(B73,'FUNCIONÁRIOS'!$C$4:$C$501,0)),""))} -> GO TO | D73: {=IF(B73="","",IFERROR(INDEX('FUNCIONÁRIOS'!$D$4:$D$501,MATCH(B73,'FUNCIONÁRIOS'!$C$4:$C$501,0)),""))} -> CENOGRAFIA | E73: {=IF(B73="","",IFERROR(INDEX('FUNCIONÁRIOS'!$E$4:$E$501,MATCH(B73,'FUNCIONÁRIOS'!$C$4:$C$501,0)),""))} -> NÃO | F73: 46161 | G73: =IF(H73<>"","✅ "&TEXT(H73,"HH:MM"),"→ Selecione a linha e use o menu ⏱️ Ponto") -> ✅ 16:00 | H73: 0.66666667 | I73: =IF(J73<>"","✅ "&TEXT(J73,"HH:MM"),"→ Selecione a linha e use o menu ⏱️ Ponto") -> ✅ 17:00 | J73: 0.70833333 | K73: =IF(AND(H73<>"",J73<>""),J73-H73,"") -> 0.041666667 | L73: =IF(AND(H73<>"",J73=""),"🟢 No Evento",IF(AND(H73<>"",J73<>""),"✅ Finalizado",IF(B73<>"","⏳ Não entrou",""))) -> ✅ Finalizado
A75: =72 -> 72 | B75: KLEBIO DOS REIS SILVA | C75: {=IF(B75="","",IFERROR(INDEX('FUNCIONÁRIOS'!$B$4:$B$501,MATCH(B75,'FUNCIONÁRIOS'!$C$4:$C$501,0)),""))} | D75: {=IF(B75="","",IFERROR(INDEX('FUNCIONÁRIOS'!$D$4:$D$501,MATCH(B75,'FUNCIONÁRIOS'!$C$4:$C$501,0)),""))} -> OPERADOR DE EMPILHADEIRA | E75: {=IF(B75="","",IFERROR(INDEX('FUNCIONÁRIOS'!$E$4:$E$501,MATCH(B75,'FUNCIONÁRIOS'!$C$4:$C$501,0)),""))} -> NÃO | F75: 46162 | G75: =IF(H75<>"","✅ "&TEXT(H75,"HH:MM"),"→ Selecione a linha e use o menu ⏱️ Ponto") -> ✅ 08:00 | H75: 08:00 | I75: =IF(J75<>"","✅ "&TEXT(J75,"HH:MM"),"→ Selecione a linha e use o menu ⏱️ Ponto") -> ✅ 18:04 | J75: 18:04 | K75: 0.41944444 | L75: =IF(AND(H75<>"",J75=""),"🟢 No Evento",IF(AND(H75<>"",J75<>""),"✅ Finalizado",IF(B75<>"","⏳ Não entrou",""))) -> ✅ Finalizado
A76: =73 -> 73 | B76: Ronara Moreira Borges Meireles | C76: {=IF(B76="","",IFERROR(INDEX('FUNCIONÁRIOS'!$B$4:$B$501,MATCH(B76,'FUNCIONÁRIOS'!$C$4:$C$501,0)),""))} -> BIGODE | D76: {=IF(B76="","",IFERROR(INDEX('FUNCIONÁRIOS'!$D$4:$D$501,MATCH(B76,'FUNCIONÁRIOS'!$C$4:$C$501,0)),""))} -> CONTROLE DE ACESSO | E76: {=IF(B76="","",IFERROR(INDEX('FUNCIONÁRIOS'!$E$4:$E$501,MATCH(B76,'FUNCIONÁRIOS'!$C$4:$C$501,0)),""))} -> NÃO | F76: 46162 | G76: =IF(H76<>"","✅ "&TEXT(H76,"HH:MM"),"→ Selecione a linha e use o menu ⏱️ Ponto") -> ✅ 08:00 | H76: 0.33333333 | I76: =IF(J76<>"","✅ "&TEXT(J76,"HH:MM"),"→ Selecione a linha e use o menu ⏱️ Ponto") -> ✅ 18:49 | J76: 18:49 | K76: 0.45069444 | L76: =IF(AND(H76<>"",J76=""),"🟢 No Evento",IF(AND(H76<>"",J76<>""),"✅ Finalizado",IF(B76<>"","⏳ Não entrou",""))) -> ✅ Finalizado
A77: =74 -> 74 | B77: Vinicius Monteiro Silva | C77: {=IF(B77="","",IFERROR(INDEX('FUNCIONÁRIOS'!$B$4:$B$501,MATCH(B77,'FUNCIONÁRIOS'!$C$4:$C$501,0)),""))} -> BIGODE | D77: {=IF(B77="","",IFERROR(INDEX('FUNCIONÁRIOS'!$D$4:$D$501,MATCH(B77,'FUNCIONÁRIOS'!$C$4:$C$501,0)),""))} -> CONTROLE DE ACESSO | E77: {=IF(B77="","",IFERROR(INDEX('FUNCIONÁRIOS'!$E$4:$E$501,MATCH(B77,'FUNCIONÁRIOS'!$C$4:$C$501,0)),""))} -> NÃO | F77: 46162 | G77: =IF(H77<>"","✅ "&TEXT(H77,"HH:MM"),"→ Selecione a linha e use o menu ⏱️ Ponto") -> ✅ 08:00 | H77: 0.33333333 | I77: =IF(J77<>"","✅ "&TEXT(J77,"HH:MM"),"→ Selecione a linha e use o menu ⏱️ Ponto") -> ✅ 18:49 | J77: 18:49 | K77: 0.45069444 | L77: =IF(AND(H77<>"",J77=""),"🟢 No Evento",IF(AND(H77<>"",J77<>""),"✅ Finalizado",IF(B77<>"","⏳ Não entrou",""))) -> ✅ Finalizado
A78: =75 -> 75 | B78: Marília de Jesus honorato | C78: {=IF(B78="","",IFERROR(INDEX('FUNCIONÁRIOS'!$B$4:$B$501,MATCH(B78,'FUNCIONÁRIOS'!$C$4:$C$501,0)),""))} -> TJ SERVIÇOS | D78: {=IF(B78="","",IFERROR(INDEX('FUNCIONÁRIOS'!$D$4:$D$501,MATCH(B78,'FUNCIONÁRIOS'!$C$4:$C$501,0)),""))} -> BRIGADISTA | E78: {=IF(B78="","",IFERROR(INDEX('FUNCIONÁRIOS'!$E$4:$E$501,MATCH(B78,'FUNCIONÁRIOS'!$C$4:$C$501,0)),""))} -> NÃO | F78: 46162 | G78: =IF(H78<>"","✅ "&TEXT(H78,"HH:MM"),"→ Selecione a linha e use o menu ⏱️ Ponto") -> ✅ 08:00 | H78: 0.33333333 | I78: =IF(J78<>"","✅ "&TEXT(J78,"HH:MM"),"→ Selecione a linha e use o menu ⏱️ Ponto") -> ✅ 18:47 | J78: 18:47 | K78: 0.44930556 | L78: =IF(AND(H78<>"",J78=""),"🟢 No Evento",IF(AND(H78<>"",J78<>""),"✅ Finalizado",IF(B78<>"","⏳ Não entrou",""))) -> ✅ Finalizado
A79: =76 -> 76 | B79: Juan Miguel | C79: {=IF(B79="","",IFERROR(INDEX('FUNCIONÁRIOS'!$B$4:$B$501,MATCH(B79,'FUNCIONÁRIOS'!$C$4:$C$501,0)),""))} -> MONTE EVENTOS | D79: {=IF(B79="","",IFERROR(INDEX('FUNCIONÁRIOS'!$D$4:$D$501,MATCH(B79,'FUNCIONÁRIOS'!$C$4:$C$501,0)),""))} -> MONTADOR | E79: {=IF(B79="","",IFERROR(INDEX('FUNCIONÁRIOS'!$E$4:$E$501,MATCH(B79,'FUNCIONÁRIOS'!$C$4:$C$501,0)),""))} -> NÃO | F79: 46162 | G79: =IF(H79<>"","✅ "&TEXT(H79,"HH:MM"),"→ Selecione a linha e use o menu ⏱️ Ponto") -> ✅ 08:00 | H79: 0.33333333 | I79: =IF(J79<>"","✅ "&TEXT(J79,"HH:MM"),"→ Selecione a linha e use o menu ⏱️ Ponto") -> ✅ 18:51 | J79: 18:51 | K79: 0.45208333 | L79: =IF(AND(H79<>"",J79=""),"🟢 No Evento",IF(AND(H79<>"",J79<>""),"✅ Finalizado",IF(B79<>"","⏳ Não entrou",""))) -> ✅ Finalizado
A80: =77 -> 77 | B80: Sidney Marcelinho Martins | C80: {=IF(B80="","",IFERROR(INDEX('FUNCIONÁRIOS'!$B$4:$B$501,MATCH(B80,'FUNCIONÁRIOS'!$C$4:$C$501,0)),""))} -> MONTE EVENTOS | D80: {=IF(B80="","",IFERROR(INDEX('FUNCIONÁRIOS'!$D$4:$D$501,MATCH(B80,'FUNCIONÁRIOS'!$C$4:$C$501,0)),""))} -> MONTADOR | E80: {=IF(B80="","",IFERROR(INDEX('FUNCIONÁRIOS'!$E$4:$E$501,MATCH(B80,'FUNCIONÁRIOS'!$C$4:$C$501,0)),""))} -> NÃO | F80: 46162 | G80: =IF(H80<>"","✅ "&TEXT(H80,"HH:MM"),"→ Selecione a linha e use o menu ⏱️ Ponto") -> ✅ 08:00 | H80: 08:00 | I80: =IF(J80<>"","✅ "&TEXT(J80,"HH:MM"),"→ Selecione a linha e use o menu ⏱️ Ponto") -> ✅ 18:51 | J80: 18:51 | K80: 0.45208333 | L80: =IF(AND(H80<>"",J80=""),"🟢 No Evento",IF(AND(H80<>"",J80<>""),"✅ Finalizado",IF(B80<>"","⏳ Não entrou",""))) -> ✅ Finalizado
A81: =78 -> 78 | B81: Washington Carlos Nascimento Costa | C81: {=IF(B81="","",IFERROR(INDEX('FUNCIONÁRIOS'!$B$4:$B$501,MATCH(B81,'FUNCIONÁRIOS'!$C$4:$C$501,0)),""))} -> MONTE EVENTOS | D81: {=IF(B81="","",IFERROR(INDEX('FUNCIONÁRIOS'!$D$4:$D$501,MATCH(B81,'FUNCIONÁRIOS'!$C$4:$C$501,0)),""))} -> MONTADOR | E81: {=IF(B81="","",IFERROR(INDEX('FUNCIONÁRIOS'!$E$4:$E$501,MATCH(B81,'FUNCIONÁRIOS'!$C$4:$C$501,0)),""))} -> NÃO | F81: 46162 | G81: =IF(H81<>"","✅ "&TEXT(H81,"HH:MM"),"→ Selecione a linha e use o menu ⏱️ Ponto") -> ✅ 08:00 | H81: 0.33333333 | I81: =IF(J81<>"","✅ "&TEXT(J81,"HH:MM"),"→ Selecione a linha e use o menu ⏱️ Ponto") -> ✅ 18:43 | J81: 18:43 | K81: 0.44652778 | L81: =IF(AND(H81<>"",J81=""),"🟢 No Evento",IF(AND(H81<>"",J81<>""),"✅ Finalizado",IF(B81<>"","⏳ Não entrou",""))) -> ✅ Finalizado
A82: =79 -> 79 | B82: José Wellingtom | C82: {=IF(B82="","",IFERROR(INDEX('FUNCIONÁRIOS'!$B$4:$B$501,MATCH(B82,'FUNCIONÁRIOS'!$C$4:$C$501,0)),""))} -> MONTE EVENTOS | D82: {=IF(B82="","",IFERROR(INDEX('FUNCIONÁRIOS'!$D$4:$D$501,MATCH(B82,'FUNCIONÁRIOS'!$C$4:$C$501,0)),""))} -> MONTADOR | E82: {=IF(B82="","",IFERROR(INDEX('FUNCIONÁRIOS'!$E$4:$E$501,MATCH(B82,'FUNCIONÁRIOS'!$C$4:$C$501,0)),""))} -> NÃO | F82: 46162 | G82: =IF(H82<>"","✅ "&TEXT(H82,"HH:MM"),"→ Selecione a linha e use o menu ⏱️ Ponto") -> ✅ 08:00 | H82: 0.33333333 | I82: =IF(J82<>"","✅ "&TEXT(J82,"HH:MM"),"→ Selecione a linha e use o menu ⏱️ Ponto") -> ✅ 18:45 | J82: 18:45 | K82: 0.44791667 | L82: =IF(AND(H82<>"",J82=""),"🟢 No Evento",IF(AND(H82<>"",J82<>""),"✅ Finalizado",IF(B82<>"","⏳ Não entrou",""))) -> ✅ Finalizado
A83: =80 -> 80 | B83: Erik natan Lopes Machado | C83: {=IF(B83="","",IFERROR(INDEX('FUNCIONÁRIOS'!$B$4:$B$501,MATCH(B83,'FUNCIONÁRIOS'!$C$4:$C$501,0)),""))} -> MONTE EVENTOS | D83: {=IF(B83="","",IFERROR(INDEX('FUNCIONÁRIOS'!$D$4:$D$501,MATCH(B83,'FUNCIONÁRIOS'!$C$4:$C$501,0)),""))} -> MONTADOR | E83: {=IF(B83="","",IFERROR(INDEX('FUNCIONÁRIOS'!$E$4:$E$501,MATCH(B83,'FUNCIONÁRIOS'!$C$4:$C$501,0)),""))} -> NÃO | F83: 46162 | G83: =IF(H83<>"","✅ "&TEXT(H83,"HH:MM"),"→ Selecione a linha e use o menu ⏱️ Ponto") -> ✅ 08:00 | H83: 0.33333333 | I83: =IF(J83<>"","✅ "&TEXT(J83,"HH:MM"),"→ Selecione a linha e use o menu ⏱️ Ponto") -> ✅ 18:43 | J83: 18:43 | K83: 0.44652778 | L83: =IF(AND(H83<>"",J83=""),"🟢 No Evento",IF(AND(H83<>"",J83<>""),"✅ Finalizado",IF(B83<>"","⏳ Não entrou",""))) -> ✅ Finalizado
A84: =81 -> 81 | B84: Leonardo de Andrade Estevão | C84: {=IF(B84="","",IFERROR(INDEX('FUNCIONÁRIOS'!$B$4:$B$501,MATCH(B84,'FUNCIONÁRIOS'!$C$4:$C$501,0)),""))} -> MONTE EVENTOS | D84: {=IF(B84="","",IFERROR(INDEX('FUNCIONÁRIOS'!$D$4:$D$501,MATCH(B84,'FUNCIONÁRIOS'!$C$4:$C$501,0)),""))} -> MONTADOR | E84: {=IF(B84="","",IFERROR(INDEX('FUNCIONÁRIOS'!$E$4:$E$501,MATCH(B84,'FUNCIONÁRIOS'!$C$4:$C$501,0)),""))} -> NÃO | F84: 46162 | G84: =IF(H84<>"","✅ "&TEXT(H84,"HH:MM"),"→ Selecione a linha e use o menu ⏱️ Ponto") -> ✅ 08:00 | H84: 0.33333333 | I84: =IF(J84<>"","✅ "&TEXT(J84,"HH:MM"),"→ Selecione a linha e use o menu ⏱️ Ponto") -> ✅ 18:40 | J84: 18:40 | K84: 0.44444444 | L84: =IF(AND(H84<>"",J84=""),"🟢 No Evento",IF(AND(H84<>"",J84<>""),"✅ Finalizado",IF(B84<>"","⏳ Não entrou",""))) -> ✅ Finalizado
A85: =82 -> 82 | B85: Willames David Lima dos santos | C85: {=IF(B85="","",IFERROR(INDEX('FUNCIONÁRIOS'!$B$4:$B$501,MATCH(B85,'FUNCIONÁRIOS'!$C$4:$C$501,0)),""))} -> MONTE EVENTOS | D85: {=IF(B85="","",IFERROR(INDEX('FUNCIONÁRIOS'!$D$4:$D$501,MATCH(B85,'FUNCIONÁRIOS'!$C$4:$C$501,0)),""))} -> MONTADOR | E85: {=IF(B85="","",IFERROR(INDEX('FUNCIONÁRIOS'!$E$4:$E$501,MATCH(B85,'FUNCIONÁRIOS'!$C$4:$C$501,0)),""))} -> NÃO | F85: 46162 | G85: =IF(H85<>"","✅ "&TEXT(H85,"HH:MM"),"→ Selecione a linha e use o menu ⏱️ Ponto") -> ✅ 08:00 | H85: 08:00 | I85: =IF(J85<>"","✅ "&TEXT(J85,"HH:MM"),"→ Selecione a linha e use o menu ⏱️ Ponto") -> ✅ 18:44 | J85: 18:44 | K85: 0.44722222 | L85: =IF(AND(H85<>"",J85=""),"🟢 No Evento",IF(AND(H85<>"",J85<>""),"✅ Finalizado",IF(B85<>"","⏳ Não entrou",""))) -> ✅ Finalizado
A86: =83 -> 83 | B86: Guilherme Silva dos Anjos | C86: {=IF(B86="","",IFERROR(INDEX('FUNCIONÁRIOS'!$B$4:$B$501,MATCH(B86,'FUNCIONÁRIOS'!$C$4:$C$501,0)),""))} -> MONTE EVENTOS | D86: {=IF(B86="","",IFERROR(INDEX('FUNCIONÁRIOS'!$D$4:$D$501,MATCH(B86,'FUNCIONÁRIOS'!$C$4:$C$501,0)),""))} -> MONTADOR | E86: {=IF(B86="","",IFERROR(INDEX('FUNCIONÁRIOS'!$E$4:$E$501,MATCH(B86,'FUNCIONÁRIOS'!$C$4:$C$501,0)),""))} -> NÃO | F86: 46162 | G86: =IF(H86<>"","✅ "&TEXT(H86,"HH:MM"),"→ Selecione a linha e use o menu ⏱️ Ponto") -> ✅ 08:00 | H86: 0.33333333 | I86: =IF(J86<>"","✅ "&TEXT(J86,"HH:MM"),"→ Selecione a linha e use o menu ⏱️ Ponto") -> ✅ 18:45 | J86: 18:45 | K86: 0.44791667 | L86: =IF(AND(H86<>"",J86=""),"🟢 No Evento",IF(AND(H86<>"",J86<>""),"✅ Finalizado",IF(B86<>"","⏳ Não entrou",""))) -> ✅ Finalizado
A87: =84 -> 84 | B87: HECTOR PAULO CONCEIÇÃO BELO SANTOS | C87: {=IF(B87="","",IFERROR(INDEX('FUNCIONÁRIOS'!$B$4:$B$501,MATCH(B87,'FUNCIONÁRIOS'!$C$4:$C$501,0)),""))} -> FLASH MED | D87: {=IF(B87="","",IFERROR(INDEX('FUNCIONÁRIOS'!$D$4:$D$501,MATCH(B87,'FUNCIONÁRIOS'!$C$4:$C$501,0)),""))} -> ENFERMAGEM | E87: {=IF(B87="","",IFERROR(INDEX('FUNCIONÁRIOS'!$E$4:$E$501,MATCH(B87,'FUNCIONÁRIOS'!$C$4:$C$501,0)),""))} -> NÃO | F87: 46162 | G87: =IF(H87<>"","✅ "&TEXT(H87,"HH:MM"),"→ Selecione a linha e use o menu ⏱️ Ponto") -> ✅ 08:00 | H87: 0.33333333 | I87: =IF(J87<>"","✅ "&TEXT(J87,"HH:MM"),"→ Selecione a linha e use o menu ⏱️ Ponto") -> ✅ 18:40 | J87: 18:40 | K87: 0.44444444 | L87: =IF(AND(H87<>"",J87=""),"🟢 No Evento",IF(AND(H87<>"",J87<>""),"✅ Finalizado",IF(B87<>"","⏳ Não entrou",""))) -> ✅ Finalizado
A88: =85 -> 85 | B88: RAMON LEMES BRAGA | C88: {=IF(B88="","",IFERROR(INDEX('FUNCIONÁRIOS'!$B$4:$B$501,MATCH(B88,'FUNCIONÁRIOS'!$C$4:$C$501,0)),""))} -> FLASH MED | D88: {=IF(B88="","",IFERROR(INDEX('FUNCIONÁRIOS'!$D$4:$D$501,MATCH(B88,'FUNCIONÁRIOS'!$C$4:$C$501,0)),""))} -> SOCORRISTA | E88: {=IF(B88="","",IFERROR(INDEX('FUNCIONÁRIOS'!$E$4:$E$501,MATCH(B88,'FUNCIONÁRIOS'!$C$4:$C$501,0)),""))} -> NÃO | F88: 46162 | G88: =IF(H88<>"","✅ "&TEXT(H88,"HH:MM"),"→ Selecione a linha e use o menu ⏱️ Ponto") -> ✅ 08:00 | H88: 0.33333333 | I88: =IF(J88<>"","✅ "&TEXT(J88,"HH:MM"),"→ Selecione a linha e use o menu ⏱️ Ponto") -> ✅ 18:40 | J88: 18:40 | K88: 0.44444444 | L88: =IF(AND(H88<>"",J88=""),"🟢 No Evento",IF(AND(H88<>"",J88<>""),"✅ Finalizado",IF(B88<>"","⏳ Não entrou",""))) -> ✅ Finalizado
A89: =86 -> 86 | B89: Andresa da Silva | C89: {=IF(B89="","",IFERROR(INDEX('FUNCIONÁRIOS'!$B$4:$B$501,MATCH(B89,'FUNCIONÁRIOS'!$C$4:$C$501,0)),""))} -> TJ SERVIÇOS | D89: {=IF(B89="","",IFERROR(INDEX('FUNCIONÁRIOS'!$D$4:$D$501,MATCH(B89,'FUNCIONÁRIOS'!$C$4:$C$501,0)),""))} -> BRIGADISTA | E89: {=IF(B89="","",IFERROR(INDEX('FUNCIONÁRIOS'!$E$4:$E$501,MATCH(B89,'FUNCIONÁRIOS'!$C$4:$C$501,0)),""))} -> NÃO | F89: 46162 | G89: =IF(H89<>"","✅ "&TEXT(H89,"HH:MM"),"→ Selecione a linha e use o menu ⏱️ Ponto") -> ✅ 08:00 | H89: 0.33333333 | I89: =IF(J89<>"","✅ "&TEXT(J89,"HH:MM"),"→ Selecione a linha e use o menu ⏱️ Ponto") -> ✅ 18:47 | J89: 18:47 | K89: 0.44930556 | L89: =IF(AND(H89<>"",J89=""),"🟢 No Evento",IF(AND(H89<>"",J89<>""),"✅ Finalizado",IF(B89<>"","⏳ Não entrou",""))) -> ✅ Finalizado
A90: =87 -> 87 | B90: kauan de Souza Morais | C90: {=IF(B90="","",IFERROR(INDEX('FUNCIONÁRIOS'!$B$4:$B$501,MATCH(B90,'FUNCIONÁRIOS'!$C$4:$C$501,0)),""))} -> MONTE EVENTOS | D90: {=IF(B90="","",IFERROR(INDEX('FUNCIONÁRIOS'!$D$4:$D$501,MATCH(B90,'FUNCIONÁRIOS'!$C$4:$C$501,0)),""))} -> MONTADOR | E90: {=IF(B90="","",IFERROR(INDEX('FUNCIONÁRIOS'!$E$4:$E$501,MATCH(B90,'FUNCIONÁRIOS'!$C$4:$C$501,0)),""))} -> NÃO | F90: 46162 | G90: =IF(H90<>"","✅ "&TEXT(H90,"HH:MM"),"→ Selecione a linha e use o menu ⏱️ Ponto") -> ✅ 08:00 | H90: 08:00 | I90: =IF(J90<>"","✅ "&TEXT(J90,"HH:MM"),"→ Selecione a linha e use o menu ⏱️ Ponto") -> ✅ 18:42 | J90: 18:42 | K90: 0.44583333 | L90: =IF(AND(H90<>"",J90=""),"🟢 No Evento",IF(AND(H90<>"",J90<>""),"✅ Finalizado",IF(B90<>"","⏳ Não entrou",""))) -> ✅ Finalizado
A91: =88 -> 88 | B91: Taylon Vitor Soares de Alencar | C91: {=IF(B91="","",IFERROR(INDEX('FUNCIONÁRIOS'!$B$4:$B$501,MATCH(B91,'FUNCIONÁRIOS'!$C$4:$C$501,0)),""))} -> MONTE EVENTOS | D91: {=IF(B91="","",IFERROR(INDEX('FUNCIONÁRIOS'!$D$4:$D$501,MATCH(B91,'FUNCIONÁRIOS'!$C$4:$C$501,0)),""))} -> MONTADOR | E91: {=IF(B91="","",IFERROR(INDEX('FUNCIONÁRIOS'!$E$4:$E$501,MATCH(B91,'FUNCIONÁRIOS'!$C$4:$C$501,0)),""))} -> NÃO | F91: 46162 | G91: =IF(H91<>"","✅ "&TEXT(H91,"HH:MM"),"→ Selecione a linha e use o menu ⏱️ Ponto") -> ✅ 08:00 | H91: 0.33333333 | I91: =IF(J91<>"","✅ "&TEXT(J91,"HH:MM"),"→ Selecione a linha e use o menu ⏱️ Ponto") -> ✅ 18:44 | J91: 18:44 | K91: 0.44722222 | L91: =IF(AND(H91<>"",J91=""),"🟢 No Evento",IF(AND(H91<>"",J91<>""),"✅ Finalizado",IF(B91<>"","⏳ Não entrou",""))) -> ✅ Finalizado
A92: =89 -> 89 | B92: Luis Felipe Cruz da Silva | C92: {=IF(B92="","",IFERROR(INDEX('FUNCIONÁRIOS'!$B$4:$B$501,MATCH(B92,'FUNCIONÁRIOS'!$C$4:$C$501,0)),""))} -> MONTE EVENTOS | D92: {=IF(B92="","",IFERROR(INDEX('FUNCIONÁRIOS'!$D$4:$D$501,MATCH(B92,'FUNCIONÁRIOS'!$C$4:$C$501,0)),""))} -> MONTADOR | E92: {=IF(B92="","",IFERROR(INDEX('FUNCIONÁRIOS'!$E$4:$E$501,MATCH(B92,'FUNCIONÁRIOS'!$C$4:$C$501,0)),""))} -> NÃO | F92: 46162 | G92: =IF(H92<>"","✅ "&TEXT(H92,"HH:MM"),"→ Selecione a linha e use o menu ⏱️ Ponto") -> ✅ 08:00 | H92: 0.33333333 | I92: =IF(J92<>"","✅ "&TEXT(J92,"HH:MM"),"→ Selecione a linha e use o menu ⏱️ Ponto") -> ✅ 18:43 | J92: 18:43 | K92: 0.44652778 | L92: =IF(AND(H92<>"",J92=""),"🟢 No Evento",IF(AND(H92<>"",J92<>""),"✅ Finalizado",IF(B92<>"","⏳ Não entrou",""))) -> ✅ Finalizado
A93: =90 -> 90 | B93: Gustavo Danilo Costa Tavares | C93: {=IF(B93="","",IFERROR(INDEX('FUNCIONÁRIOS'!$B$4:$B$501,MATCH(B93,'FUNCIONÁRIOS'!$C$4:$C$501,0)),""))} -> MONTE EVENTOS | D93: {=IF(B93="","",IFERROR(INDEX('FUNCIONÁRIOS'!$D$4:$D$501,MATCH(B93,'FUNCIONÁRIOS'!$C$4:$C$501,0)),""))} -> MONTADOR | E93: {=IF(B93="","",IFERROR(INDEX('FUNCIONÁRIOS'!$E$4:$E$501,MATCH(B93,'FUNCIONÁRIOS'!$C$4:$C$501,0)),""))} -> NÃO | F93: 46162 | G93: =IF(H93<>"","✅ "&TEXT(H93,"HH:MM"),"→ Selecione a linha e use o menu ⏱️ Ponto") -> ✅ 08:00 | H93: 0.33333333 | I93: =IF(J93<>"","✅ "&TEXT(J93,"HH:MM"),"→ Selecione a linha e use o menu ⏱️ Ponto") -> ✅ 18:42 | J93: 18:42 | K93: 0.44583333 | L93: =IF(AND(H93<>"",J93=""),"🟢 No Evento",IF(AND(H93<>"",J93<>""),"✅ Finalizado",IF(B93<>"","⏳ Não entrou",""))) -> ✅ Finalizado
A94: =91 -> 91 | B94: Ruan Andrade Braga | C94: {=IF(B94="","",IFERROR(INDEX('FUNCIONÁRIOS'!$B$4:$B$501,MATCH(B94,'FUNCIONÁRIOS'!$C$4:$C$501,0)),""))} -> MONTE EVENTOS | D94: {=IF(B94="","",IFERROR(INDEX('FUNCIONÁRIOS'!$D$4:$D$501,MATCH(B94,'FUNCIONÁRIOS'!$C$4:$C$501,0)),""))} -> MONTADOR | E94: {=IF(B94="","",IFERROR(INDEX('FUNCIONÁRIOS'!$E$4:$E$501,MATCH(B94,'FUNCIONÁRIOS'!$C$4:$C$501,0)),""))} -> NÃO | F94: 46162 | G94: =IF(H94<>"","✅ "&TEXT(H94,"HH:MM"),"→ Selecione a linha e use o menu ⏱️ Ponto") -> ✅ 08:00 | H94: 0.33333333 | I94: =IF(J94<>"","✅ "&TEXT(J94,"HH:MM"),"→ Selecione a linha e use o menu ⏱️ Ponto") -> ✅ 18:45 | J94: 18:45 | K94: 0.44791667 | L94: =IF(AND(H94<>"",J94=""),"🟢 No Evento",IF(AND(H94<>"",J94<>""),"✅ Finalizado",IF(B94<>"","⏳ Não entrou",""))) -> ✅ Finalizado
A95: =92 -> 92 | B95: Filipe Pereira de Sousa | C95: {=IF(B95="","",IFERROR(INDEX('FUNCIONÁRIOS'!$B$4:$B$501,MATCH(B95,'FUNCIONÁRIOS'!$C$4:$C$501,0)),""))} -> MONTE EVENTOS | D95: {=IF(B95="","",IFERROR(INDEX('FUNCIONÁRIOS'!$D$4:$D$501,MATCH(B95,'FUNCIONÁRIOS'!$C$4:$C$501,0)),""))} -> montador | E95: {=IF(B95="","",IFERROR(INDEX('FUNCIONÁRIOS'!$E$4:$E$501,MATCH(B95,'FUNCIONÁRIOS'!$C$4:$C$501,0)),""))} -> NÃO | F95: 46162 | G95: =IF(H95<>"","✅ "&TEXT(H95,"HH:MM"),"→ Selecione a linha e use o menu ⏱️ Ponto") -> ✅ 08:00 | H95: 08:00 | I95: =IF(J95<>"","✅ "&TEXT(J95,"HH:MM"),"→ Selecione a linha e use o menu ⏱️ Ponto") -> ✅ 18:41 | J95: 18:41 | K95: 0.44513889 | L95: =IF(AND(H95<>"",J95=""),"🟢 No Evento",IF(AND(H95<>"",J95<>""),"✅ Finalizado",IF(B95<>"","⏳ Não entrou",""))) -> ✅ Finalizado
A96: =93 -> 93 | B96: Hananias Sousa Alves dos santos | C96: {=IF(B96="","",IFERROR(INDEX('FUNCIONÁRIOS'!$B$4:$B$501,MATCH(B96,'FUNCIONÁRIOS'!$C$4:$C$501,0)),""))} -> MONTE EVENTOS | D96: {=IF(B96="","",IFERROR(INDEX('FUNCIONÁRIOS'!$D$4:$D$501,MATCH(B96,'FUNCIONÁRIOS'!$C$4:$C$501,0)),""))} -> MONTADOR | E96: {=IF(B96="","",IFERROR(INDEX('FUNCIONÁRIOS'!$E$4:$E$501,MATCH(B96,'FUNCIONÁRIOS'!$C$4:$C$501,0)),""))} -> NÃO | F96: 46162 | G96: =IF(H96<>"","✅ "&TEXT(H96,"HH:MM"),"→ Selecione a linha e use o menu ⏱️ Ponto") -> ✅ 08:00 | H96: 0.33333333 | I96: =IF(J96<>"","✅ "&TEXT(J96,"HH:MM"),"→ Selecione a linha e use o menu ⏱️ Ponto") -> ✅ 18:47 | J96: 18:47 | K96: 0.44930556 | L96: =IF(AND(H96<>"",J96=""),"🟢 No Evento",IF(AND(H96<>"",J96<>""),"✅ Finalizado",IF(B96<>"","⏳ Não entrou",""))) -> ✅ Finalizado
A97: =94 -> 94 | B97: Genário da conceição Diniz | C97: {=IF(B97="","",IFERROR(INDEX('FUNCIONÁRIOS'!$B$4:$B$501,MATCH(B97,'FUNCIONÁRIOS'!$C$4:$C$501,0)),""))} -> MONTE EVENTOS | D97: {=IF(B97="","",IFERROR(INDEX('FUNCIONÁRIOS'!$D$4:$D$501,MATCH(B97,'FUNCIONÁRIOS'!$C$4:$C$501,0)),""))} -> MONTADOR | E97: {=IF(B97="","",IFERROR(INDEX('FUNCIONÁRIOS'!$E$4:$E$501,MATCH(B97,'FUNCIONÁRIOS'!$C$4:$C$501,0)),""))} -> NÃO | F97: 46162 | G97: =IF(H97<>"","✅ "&TEXT(H97,"HH:MM"),"→ Selecione a linha e use o menu ⏱️ Ponto") -> ✅ 08:00 | H97: 0.33333333 | I97: =IF(J97<>"","✅ "&TEXT(J97,"HH:MM"),"→ Selecione a linha e use o menu ⏱️ Ponto") -> ✅ 18:46 | J97: 18:46 | K97: 0.44861111 | L97: =IF(AND(H97<>"",J97=""),"🟢 No Evento",IF(AND(H97<>"",J97<>""),"✅ Finalizado",IF(B97<>"","⏳ Não entrou",""))) -> ✅ Finalizado
A98: =95 -> 95 | B98: Renato de Araújo Morais | C98: {=IF(B98="","",IFERROR(INDEX('FUNCIONÁRIOS'!$B$4:$B$501,MATCH(B98,'FUNCIONÁRIOS'!$C$4:$C$501,0)),""))} -> MONTE EVENTOS | D98: {=IF(B98="","",IFERROR(INDEX('FUNCIONÁRIOS'!$D$4:$D$501,MATCH(B98,'FUNCIONÁRIOS'!$C$4:$C$501,0)),""))} -> MONTADOR | E98: {=IF(B98="","",IFERROR(INDEX('FUNCIONÁRIOS'!$E$4:$E$501,MATCH(B98,'FUNCIONÁRIOS'!$C$4:$C$501,0)),""))} -> NÃO | F98: 46162 | G98: =IF(H98<>"","✅ "&TEXT(H98,"HH:MM"),"→ Selecione a linha e use o menu ⏱️ Ponto") -> ✅ 08:00 | H98: 0.33333333 | I98: =IF(J98<>"","✅ "&TEXT(J98,"HH:MM"),"→ Selecione a linha e use o menu ⏱️ Ponto") -> ✅ 18:47 | J98: 18:47 | K98: 0.44930556 | L98: =IF(AND(H98<>"",J98=""),"🟢 No Evento",IF(AND(H98<>"",J98<>""),"✅ Finalizado",IF(B98<>"","⏳ Não entrou",""))) -> ✅ Finalizado
A99: =96 -> 96 | B99: Eduardo Henrique do lago Ramos | C99: {=IF(B99="","",IFERROR(INDEX('FUNCIONÁRIOS'!$B$4:$B$501,MATCH(B99,'FUNCIONÁRIOS'!$C$4:$C$501,0)),""))} -> MONTE EVENTOS | D99: {=IF(B99="","",IFERROR(INDEX('FUNCIONÁRIOS'!$D$4:$D$501,MATCH(B99,'FUNCIONÁRIOS'!$C$4:$C$501,0)),""))} -> COORDENADOR/CEO | E99: {=IF(B99="","",IFERROR(INDEX('FUNCIONÁRIOS'!$E$4:$E$501,MATCH(B99,'FUNCIONÁRIOS'!$C$4:$C$501,0)),""))} -> SIM | F99: 46162 | G99: =IF(H99<>"","✅ "&TEXT(H99,"HH:MM"),"→ Selecione a linha e use o menu ⏱️ Ponto") -> ✅ 08:00 | H99: 0.33333333 | I99: =IF(J99<>"","✅ "&TEXT(J99,"HH:MM"),"→ Selecione a linha e use o menu ⏱️ Ponto") -> ✅ 18:41 | J99: 18:41 | K99: 0.44513889 | L99: =IF(AND(H99<>"",J99=""),"🟢 No Evento",IF(AND(H99<>"",J99<>""),"✅ Finalizado",IF(B99<>"","⏳ Não entrou",""))) -> ✅ Finalizado
A100: =97 -> 97 | B100: Yago Oliveira de Souza | C100: {=IF(B100="","",IFERROR(INDEX('FUNCIONÁRIOS'!$B$4:$B$501,MATCH(B100,'FUNCIONÁRIOS'!$C$4:$C$501,0)),""))} -> MONTE EVENTOS | D100: {=IF(B100="","",IFERROR(INDEX('FUNCIONÁRIOS'!$D$4:$D$501,MATCH(B100,'FUNCIONÁRIOS'!$C$4:$C$501,0)),""))} -> MONTADOR | E100: {=IF(B100="","",IFERROR(INDEX('FUNCIONÁRIOS'!$E$4:$E$501,MATCH(B100,'FUNCIONÁRIOS'!$C$4:$C$501,0)),""))} -> NÃO | F100: 46162 | G100: =IF(H100<>"","✅ "&TEXT(H100,"HH:MM"),"→ Selecione a linha e use o menu ⏱️ Ponto") -> ✅ 08:00 | H100: 08:00 | I100: =IF(J100<>"","✅ "&TEXT(J100,"HH:MM"),"→ Selecione a linha e use o menu ⏱️ Ponto") -> ✅ 18:44 | J100: 18:44 | K100: 0.44722222 | L100: =IF(AND(H100<>"",J100=""),"🟢 No Evento",IF(AND(H100<>"",J100<>""),"✅ Finalizado",IF(B100<>"","⏳ Não entrou",""))) -> ✅ Finalizado
A101: =98 -> 98 | B101: ALICE RIBEIRO LEITE | C101: {=IF(B101="","",IFERROR(INDEX('FUNCIONÁRIOS'!$B$4:$B$501,MATCH(B101,'FUNCIONÁRIOS'!$C$4:$C$501,0)),""))} -> PONCIANO SOLUÇÕES | D101: {=IF(B101="","",IFERROR(INDEX('FUNCIONÁRIOS'!$D$4:$D$501,MATCH(B101,'FUNCIONÁRIOS'!$C$4:$C$501,0)),""))} -> CREDENCIAMENTO | E101: {=IF(B101="","",IFERROR(INDEX('FUNCIONÁRIOS'!$E$4:$E$501,MATCH(B101,'FUNCIONÁRIOS'!$C$4:$C$501,0)),""))} -> NÃO | F101: 45797 | G101: =IF(H101<>"","✅ "&TEXT(H101,"HH:MM"),"→ Selecione a linha e use o menu ⏱️ Ponto") -> ✅ 08:00 | H101: 0.33333333 | I101: =IF(J101<>"","✅ "&TEXT(J101,"HH:MM"),"→ Selecione a linha e use o menu ⏱️ Ponto") -> ✅ 18:50 | J101: 0.78472222 | K101: =IF(AND(H101<>"",J101<>""),J101-H101,"") -> 0.45138889 | L101: =IF(AND(H101<>"",J101=""),"🟢 No Evento",IF(AND(H101<>"",J101<>""),"✅ Finalizado",IF(B101<>"","⏳ Não entrou",""))) -> ✅ Finalizado
A102: =99 -> 99 | B102: SAMANTHA BARREIRA SILVA | C102: {=IF(B102="","",IFERROR(INDEX('FUNCIONÁRIOS'!$B$4:$B$501,MATCH(B102,'FUNCIONÁRIOS'!$C$4:$C$501,0)),""))} -> YES | D102: {=IF(B102="","",IFERROR(INDEX('FUNCIONÁRIOS'!$D$4:$D$501,MATCH(B102,'FUNCIONÁRIOS'!$C$4:$C$501,0)),""))} -> TEC SEGURANÇA DO TRABALHO | E102: {=IF(B102="","",IFERROR(INDEX('FUNCIONÁRIOS'!$E$4:$E$501,MATCH(B102,'FUNCIONÁRIOS'!$C$4:$C$501,0)),""))} -> NÃO | F102: 45797 | G102: =IF(H102<>"","✅ "&TEXT(H102,"HH:MM"),"→ Selecione a linha e use o menu ⏱️ Ponto") -> ✅ 08:38 | H102: 0.35972222 | I102: =IF(J102<>"","✅ "&TEXT(J102,"HH:MM"),"→ Selecione a linha e use o menu ⏱️ Ponto") -> ✅ 18:41 | J102: 18:41 | K102: 0.41875 | L102: =IF(AND(H102<>"",J102=""),"🟢 No Evento",IF(AND(H102<>"",J102<>""),"✅ Finalizado",IF(B102<>"","⏳ Não entrou",""))) -> ✅ Finalizado
A103: =100 -> 100 | B103: Fernando Rosa dos Reis | C103: {=IF(B103="","",IFERROR(INDEX('FUNCIONÁRIOS'!$B$4:$B$501,MATCH(B103,'FUNCIONÁRIOS'!$C$4:$C$501,0)),""))} -> UP MUSIC | D103: {=IF(B103="","",IFERROR(INDEX('FUNCIONÁRIOS'!$D$4:$D$501,MATCH(B103,'FUNCIONÁRIOS'!$C$4:$C$501,0)),""))} -> PRODUTOR | E103: {=IF(B103="","",IFERROR(INDEX('FUNCIONÁRIOS'!$E$4:$E$501,MATCH(B103,'FUNCIONÁRIOS'!$C$4:$C$501,0)),""))} -> NÃO | F103: 45797 | G103: =IF(H103<>"","✅ "&TEXT(H103,"HH:MM"),"→ Selecione a linha e use o menu ⏱️ Ponto") -> ✅ 09:27 | H103: 09:27 | I103: =IF(J103<>"","✅ "&TEXT(J103,"HH:MM"),"→ Selecione a linha e use o menu ⏱️ Ponto") -> ✅ 18:51 | J103: 18:51 | K103: 0.39166667 | L103: =IF(AND(H103<>"",J103=""),"🟢 No Evento",IF(AND(H103<>"",J103<>""),"✅ Finalizado",IF(B103<>"","⏳ Não entrou",""))) -> ✅ Finalizado
...

Sheet 📊 Resumo Geral
A1: 📊 RESUMO GERAL DO EVENTO
A3: 📅 FILTRO POR DATA — Selecione a data na célula H3 para filtrar os indicadores | H3: DATA FILTRO (deixe vazio = todos): | I3: 📋 Datas disponíveis em Entrada e Saída:
H4: 46160 | I4: (Consulte coluna DATA em ⏱️ Entrada e Saída)
H5: ⬆️ Digite ou selecione a data
A7: 🔢 INDICADORES EM TEMPO REAL
A8: 🟢 DENTRO DO EVENTO AGORA | B8: ✅ FINALIZADOS | C8: ⏳ NÃO ENTRARAM | D8: 👥 TOTAL NO DIA | E8: ⭐ COORDENADORES | F8: 🏢 EMPRESAS
A9: =SUMPRODUCT(('⏱️ Entrada e Saída'!$B$4:$B$507<>"")*('⏱️ Entrada e Saída'!$H$4:$H$507<>"")*('⏱️ Entrada e Saída'!$J$4:$J$507="")*(IF($H$4="",1,TEXT('⏱️ Entrada e Saída'!$F$4:$F$507,"DD/MM")=TEXT($H$4,"DD/MM")))) -> 0 | B9: =SUMPRODUCT(('⏱️ Entrada e Saída'!$B$4:$B$507<>"")*('⏱️ Entrada e Saída'!$H$4:$H$507<>"")*('⏱️ Entrada e Saída'!$J$4:$J$507<>"")*(IF($H$4="",1,TEXT('⏱️ Entrada e Saída'!$F$4:$F$507,"DD/MM")=TEXT($H$4,"DD/MM")))) -> 31 | C9: =SUMPRODUCT(('⏱️ Entrada e Saída'!$B$4:$B$507<>"")*('⏱️ Entrada e Saída'!$H$4:$H$507="")*(IF($H$4="",1,TEXT('⏱️ Entrada e Saída'!$F$4:$F$507,"DD/MM")=TEXT($H$4,"DD/MM")))) -> 0 | D9: =SUMPRODUCT(('⏱️ Entrada e Saída'!$B$4:$B$507<>"")*(IF($H$4="",1,TEXT('⏱️ Entrada e Saída'!$F$4:$F$507,"DD/MM")=TEXT($H$4,"DD/MM")))) -> 31 | E9: =SUMPRODUCT(('⏱️ Entrada e Saída'!$E$4:$E$507="SIM")*(IF($H$4="",1,TEXT('⏱️ Entrada e Saída'!$F$4:$F$507,"DD/MM")=TEXT($H$4,"DD/MM")))) -> 2 | F9: =COUNTA('📋 Empresas'!$B$4:$B$103) -> 68
A12: ⏱️ HORAS TRABALHADAS NO DIA FILTRADO
A13: TOTAL DE HORAS
A14: =SUMPRODUCT((IF($H$4="",1,TEXT('⏱️ Entrada e Saída'!$F$4:$F$507,"DD/MM")=TEXT($H$4,"DD/MM")))*(IF(ISNUMBER('⏱️ Entrada e Saída'!$K$4:$K$507),'⏱️ Entrada e Saída'!$K$4:$K$507,0))) -> 11.434028
A16: 🏢 FUNCIONÁRIOS POR EMPRESA (DIA FILTRADO)
A17: EMPRESA | B17: TOTAL | C17: NO EVENTO | D17: FINALIZADOS | E17: NÃO ENTRARAM | F17: % PRESENÇA | G17: HORAS TRABALHADAS
A18: ='📋 Empresas'!B4 -> PONCIANO SOLUÇÕES | B18: =IF(OR(A18="",A18=0),"",SUMPRODUCT(('⏱️ Entrada e Saída'!$C$4:$C$507=A18)*IF($H$4="",1,TEXT('⏱️ Entrada e Saída'!$F$4:$F$507,"DD/MM")=TEXT($H$4,"DD/MM")))) -> 1 | C18: =IF(OR(A18="",A18=0),"",SUMPRODUCT(('⏱️ Entrada e Saída'!$C$4:$C$507=A18)*('⏱️ Entrada e Saída'!$H$4:$H$507<>"")*('⏱️ Entrada e Saída'!$J$4:$J$507="")*IF($H$4="",1,TEXT('⏱️ Entrada e Saída'!$F$4:$F$507,"DD/MM")=TEXT($H$4,"DD/MM")))) -> 0 | D18: =IF(OR(A18="",A18=0),"",SUMPRODUCT(('⏱️ Entrada e Saída'!$C$4:$C$507=A18)*('⏱️ Entrada e Saída'!$H$4:$H$507<>"")*('⏱️ Entrada e Saída'!$J$4:$J$507<>"")*IF($H$4="",1,TEXT('⏱️ Entrada e Saída'!$F$4:$F$507,"DD/MM")=TEXT($H$4,"DD/MM")))) -> 1 | E18: =IF(OR(A18="",A18=0,B18=""),"",B18-C18-D18) -> 0 | F18: =IF(OR(A18="",A18=0,B18=0,B18=""),"",(C18+D18)/B18) -> 1 | G18: =IF(OR(A18="",A18=0),"",SUMPRODUCT(('⏱️ Entrada e Saída'!$C$4:$C$507=A18)*('⏱️ Entrada e Saída'!$L$4:$L$507="✅ Finalizado")*IF($H$4="",1,TEXT('⏱️ Entrada e Saída'!$F$4:$F$507,"dd/mm")=TEXT($H$4,"dd/mm"))*IFERROR(VALUE('⏱️ Entrada e Saída'!$K$4:$K$507),0))) -> 0.42569444
A19: ='📋 Empresas'!B5 -> MONTE EVENTOS | B19: =IF(OR(A19="",A19=0),"",SUMPRODUCT(('⏱️ Entrada e Saída'!$C$4:$C$507=A19)*IF($H$4="",1,TEXT('⏱️ Entrada e Saída'!$F$4:$F$507,"DD/MM")=TEXT($H$4,"DD/MM")))) -> 20 | C19: =IF(OR(A19="",A19=0),"",SUMPRODUCT(('⏱️ Entrada e Saída'!$C$4:$C$507=A19)*('⏱️ Entrada e Saída'!$H$4:$H$507<>"")*('⏱️ Entrada e Saída'!$J$4:$J$507="")*IF($H$4="",1,TEXT('⏱️ Entrada e Saída'!$F$4:$F$507,"DD/MM")=TEXT($H$4,"DD/MM")))) -> 0 | D19: =IF(OR(A19="",A19=0),"",SUMPRODUCT(('⏱️ Entrada e Saída'!$C$4:$C$507=A19)*('⏱️ Entrada e Saída'!$H$4:$H$507<>"")*('⏱️ Entrada e Saída'!$J$4:$J$507<>"")*IF($H$4="",1,TEXT('⏱️ Entrada e Saída'!$F$4:$F$507,"DD/MM")=TEXT($H$4,"DD/MM")))) -> 20 | E19: =IF(OR(A19="",A19=0,B19=""),"",B19-C19-D19) -> 0 | F19: =IF(OR(A19="",A19=0,B19=0,B19=""),"",(C19+D19)/B19) -> 1 | G19: =IF(OR(A19="",A19=0),"",SUMPRODUCT(('⏱️ Entrada e Saída'!$C$4:$C$507=A19)*('⏱️ Entrada e Saída'!$L$4:$L$507="✅ Finalizado")*IF($H$4="",1,TEXT('⏱️ Entrada e Saída'!$F$4:$F$507,"dd/mm")=TEXT($H$4,"dd/mm"))*IFERROR(VALUE('⏱️ Entrada e Saída'!$K$4:$K$507),0))) -> 7.6041667
A20: ='📋 Empresas'!B6 -> UP MUSIC | B20: =IF(OR(A20="",A20=0),"",SUMPRODUCT(('⏱️ Entrada e Saída'!$C$4:$C$507=A20)*IF($H$4="",1,TEXT('⏱️ Entrada e Saída'!$F$4:$F$507,"DD/MM")=TEXT($H$4,"DD/MM")))) -> 0 | C20: =IF(OR(A20="",A20=0),"",SUMPRODUCT(('⏱️ Entrada e Saída'!$C$4:$C$507=A20)*('⏱️ Entrada e Saída'!$H$4:$H$507<>"")*('⏱️ Entrada e Saída'!$J$4:$J$507="")*IF($H$4="",1,TEXT('⏱️ Entrada e Saída'!$F$4:$F$507,"DD/MM")=TEXT($H$4,"DD/MM")))) -> 0 | D20: =IF(OR(A20="",A20=0),"",SUMPRODUCT(('⏱️ Entrada e Saída'!$C$4:$C$507=A20)*('⏱️ Entrada e Saída'!$H$4:$H$507<>"")*('⏱️ Entrada e Saída'!$J$4:$J$507<>"")*IF($H$4="",1,TEXT('⏱️ Entrada e Saída'!$F$4:$F$507,"DD/MM")=TEXT($H$4,"DD/MM")))) -> 0 | E20: =IF(OR(A20="",A20=0,B20=""),"",B20-C20-D20) -> 0 | F20: =IF(OR(A20="",A20=0,B20=0,B20=""),"",(C20+D20)/B20) | G20: =IF(OR(A20="",A20=0),"",SUMPRODUCT(('⏱️ Entrada e Saída'!$C$4:$C$507=A20)*('⏱️ Entrada e Saída'!$L$4:$L$507="✅ Finalizado")*IF($H$4="",1,TEXT('⏱️ Entrada e Saída'!$F$4:$F$507,"dd/mm")=TEXT($H$4,"dd/mm"))*IFERROR(VALUE('⏱️ Entrada e Saída'!$K$4:$K$507),0))) -> 0
A21: ='📋 Empresas'!B7 -> TJ SERVIÇOS | B21: =IF(OR(A21="",A21=0),"",SUMPRODUCT(('⏱️ Entrada e Saída'!$C$4:$C$507=A21)*IF($H$4="",1,TEXT('⏱️ Entrada e Saída'!$F$4:$F$507,"DD/MM")=TEXT($H$4,"DD/MM")))) -> 3 | C21: =IF(OR(A21="",A21=0),"",SUMPRODUCT(('⏱️ Entrada e Saída'!$C$4:$C$507=A21)*('⏱️ Entrada e Saída'!$H$4:$H$507<>"")*('⏱️ Entrada e Saída'!$J$4:$J$507="")*IF($H$4="",1,TEXT('⏱️ Entrada e Saída'!$F$4:$F$507,"DD/MM")=TEXT($H$4,"DD/MM")))) -> 0 | D21: =IF(OR(A21="",A21=0),"",SUMPRODUCT(('⏱️ Entrada e Saída'!$C$4:$C$507=A21)*('⏱️ Entrada e Saída'!$H$4:$H$507<>"")*('⏱️ Entrada e Saída'!$J$4:$J$507<>"")*IF($H$4="",1,TEXT('⏱️ Entrada e Saída'!$F$4:$F$507,"DD/MM")=TEXT($H$4,"DD/MM")))) -> 3 | E21: =IF(OR(A21="",A21=0,B21=""),"",B21-C21-D21) -> 0 | F21: =IF(OR(A21="",A21=0,B21=0,B21=""),"",(C21+D21)/B21) -> 1 | G21: =IF(OR(A21="",A21=0),"",SUMPRODUCT(('⏱️ Entrada e Saída'!$C$4:$C$507=A21)*('⏱️ Entrada e Saída'!$L$4:$L$507="✅ Finalizado")*IF($H$4="",1,TEXT('⏱️ Entrada e Saída'!$F$4:$F$507,"dd/mm")=TEXT($H$4,"dd/mm"))*IFERROR(VALUE('⏱️ Entrada e Saída'!$K$4:$K$507),0))) -> 1.1298611
A22: ='📋 Empresas'!B8 -> FLASH MED | B22: =IF(OR(A22="",A22=0),"",SUMPRODUCT(('⏱️ Entrada e Saída'!$C$4:$C$507=A22)*IF($H$4="",1,TEXT('⏱️ Entrada e Saída'!$F$4:$F$507,"DD/MM")=TEXT($H$4,"DD/MM")))) -> 2 | C22: =IF(OR(A22="",A22=0),"",SUMPRODUCT(('⏱️ Entrada e Saída'!$C$4:$C$507=A22)*('⏱️ Entrada e Saída'!$H$4:$H$507<>"")*('⏱️ Entrada e Saída'!$J$4:$J$507="")*IF($H$4="",1,TEXT('⏱️ Entrada e Saída'!$F$4:$F$507,"DD/MM")=TEXT($H$4,"DD/MM")))) -> 0 | D22: =IF(OR(A22="",A22=0),"",SUMPRODUCT(('⏱️ Entrada e Saída'!$C$4:$C$507=A22)*('⏱️ Entrada e Saída'!$H$4:$H$507<>"")*('⏱️ Entrada e Saída'!$J$4:$J$507<>"")*IF($H$4="",1,TEXT('⏱️ Entrada e Saída'!$F$4:$F$507,"DD/MM")=TEXT($H$4,"DD/MM")))) -> 2 | E22: =IF(OR(A22="",A22=0,B22=""),"",B22-C22-D22) -> 0 | F22: =IF(OR(A22="",A22=0,B22=0,B22=""),"",(C22+D22)/B22) -> 1 | G22: =IF(OR(A22="",A22=0),"",SUMPRODUCT(('⏱️ Entrada e Saída'!$C$4:$C$507=A22)*('⏱️ Entrada e Saída'!$L$4:$L$507="✅ Finalizado")*IF($H$4="",1,TEXT('⏱️ Entrada e Saída'!$F$4:$F$507,"dd/mm")=TEXT($H$4,"dd/mm"))*IFERROR(VALUE('⏱️ Entrada e Saída'!$K$4:$K$507),0))) -> 0.77638889
A23: ='📋 Empresas'!B9 -> YES | B23: =IF(OR(A23="",A23=0),"",SUMPRODUCT(('⏱️ Entrada e Saída'!$C$4:$C$507=A23)*IF($H$4="",1,TEXT('⏱️ Entrada e Saída'!$F$4:$F$507,"DD/MM")=TEXT($H$4,"DD/MM")))) -> 1 | C23: =IF(OR(A23="",A23=0),"",SUMPRODUCT(('⏱️ Entrada e Saída'!$C$4:$C$507=A23)*('⏱️ Entrada e Saída'!$H$4:$H$507<>"")*('⏱️ Entrada e Saída'!$J$4:$J$507="")*IF($H$4="",1,TEXT('⏱️ Entrada e Saída'!$F$4:$F$507,"DD/MM")=TEXT($H$4,"DD/MM")))) -> 0 | D23: =IF(OR(A23="",A23=0),"",SUMPRODUCT(('⏱️ Entrada e Saída'!$C$4:$C$507=A23)*('⏱️ Entrada e Saída'!$H$4:$H$507<>"")*('⏱️ Entrada e Saída'!$J$4:$J$507<>"")*IF($H$4="",1,TEXT('⏱️ Entrada e Saída'!$F$4:$F$507,"DD/MM")=TEXT($H$4,"DD/MM")))) -> 1 | E23: =IF(OR(A23="",A23=0,B23=""),"",B23-C23-D23) -> 0 | F23: =IF(OR(A23="",A23=0,B23=0,B23=""),"",(C23+D23)/B23) -> 1 | G23: =IF(OR(A23="",A23=0),"",SUMPRODUCT(('⏱️ Entrada e Saída'!$C$4:$C$507=A23)*('⏱️ Entrada e Saída'!$L$4:$L$507="✅ Finalizado")*IF($H$4="",1,TEXT('⏱️ Entrada e Saída'!$F$4:$F$507,"dd/mm")=TEXT($H$4,"dd/mm"))*IFERROR(VALUE('⏱️ Entrada e Saída'!$K$4:$K$507),0))) -> 0.26527778
A24: ='📋 Empresas'!B10 -> BIGODE | B24: =IF(OR(A24="",A24=0),"",SUMPRODUCT(('⏱️ Entrada e Saída'!$C$4:$C$507=A24)*IF($H$4="",1,TEXT('⏱️ Entrada e Saída'!$F$4:$F$507,"DD/MM")=TEXT($H$4,"DD/MM")))) -> 2 | C24: =IF(OR(A24="",A24=0),"",SUMPRODUCT(('⏱️ Entrada e Saída'!$C$4:$C$507=A24)*('⏱️ Entrada e Saída'!$H$4:$H$507<>"")*('⏱️ Entrada e Saída'!$J$4:$J$507="")*IF($H$4="",1,TEXT('⏱️ Entrada e Saída'!$F$4:$F$507,"DD/MM")=TEXT($H$4,"DD/MM")))) -> 0 | D24: =IF(OR(A24="",A24=0),"",SUMPRODUCT(('⏱️ Entrada e Saída'!$C$4:$C$507=A24)*('⏱️ Entrada e Saída'!$H$4:$H$507<>"")*('⏱️ Entrada e Saída'!$J$4:$J$507<>"")*IF($H$4="",1,TEXT('⏱️ Entrada e Saída'!$F$4:$F$507,"DD/MM")=TEXT($H$4,"DD/MM")))) -> 2 | E24: =IF(OR(A24="",A24=0,B24=""),"",B24-C24-D24) -> 0 | F24: =IF(OR(A24="",A24=0,B24=0,B24=""),"",(C24+D24)/B24) -> 1 | G24: =IF(OR(A24="",A24=0),"",SUMPRODUCT(('⏱️ Entrada e Saída'!$C$4:$C$507=A24)*('⏱️ Entrada e Saída'!$L$4:$L$507="✅ Finalizado")*IF($H$4="",1,TEXT('⏱️ Entrada e Saída'!$F$4:$F$507,"dd/mm")=TEXT($H$4,"dd/mm"))*IFERROR(VALUE('⏱️ Entrada e Saída'!$K$4:$K$507),0))) -> 0.575
A25: ='📋 Empresas'!B11 -> NLEDS LOCAÇÃO - PAINEIS DE LED | B25: =IF(OR(A25="",A25=0),"",SUMPRODUCT(('⏱️ Entrada e Saída'!$C$4:$C$507=A25)*IF($H$4="",1,TEXT('⏱️ Entrada e Saída'!$F$4:$F$507,"DD/MM")=TEXT($H$4,"DD/MM")))) -> 0 | C25: =IF(OR(A25="",A25=0),"",SUMPRODUCT(('⏱️ Entrada e Saída'!$C$4:$C$507=A25)*('⏱️ Entrada e Saída'!$H$4:$H$507<>"")*('⏱️ Entrada e Saída'!$J$4:$J$507="")*IF($H$4="",1,TEXT('⏱️ Entrada e Saída'!$F$4:$F$507,"DD/MM")=TEXT($H$4,"DD/MM")))) -> 0 | D25: =IF(OR(A25="",A25=0),"",SUMPRODUCT(('⏱️ Entrada e Saída'!$C$4:$C$507=A25)*('⏱️ Entrada e Saída'!$H$4:$H$507<>"")*('⏱️ Entrada e Saída'!$J$4:$J$507<>"")*IF($H$4="",1,TEXT('⏱️ Entrada e Saída'!$F$4:$F$507,"DD/MM")=TEXT($H$4,"DD/MM")))) -> 0 | E25: =IF(OR(A25="",A25=0,B25=""),"",B25-C25-D25) -> 0 | F25: =IF(OR(A25="",A25=0,B25=0,B25=""),"",(C25+D25)/B25) | G25: =IF(OR(A25="",A25=0),"",SUMPRODUCT(('⏱️ Entrada e Saída'!$C$4:$C$507=A25)*('⏱️ Entrada e Saída'!$L$4:$L$507="✅ Finalizado")*IF($H$4="",1,TEXT('⏱️ Entrada e Saída'!$F$4:$F$507,"dd/mm")=TEXT($H$4,"dd/mm"))*IFERROR(VALUE('⏱️ Entrada e Saída'!$K$4:$K$507),0))) -> 0
A26: ='📋 Empresas'!B12 -> ASSOCIAÇÃO ASSUNÇÃO | B26: =IF(OR(A26="",A26=0),"",SUMPRODUCT(('⏱️ Entrada e Saída'!$C$4:$C$507=A26)*IF($H$4="",1,TEXT('⏱️ Entrada e Saída'!$F$4:$F$507,"DD/MM")=TEXT($H$4,"DD/MM")))) -> 0 | C26: =IF(OR(A26="",A26=0),"",SUMPRODUCT(('⏱️ Entrada e Saída'!$C$4:$C$507=A26)*('⏱️ Entrada e Saída'!$H$4:$H$507<>"")*('⏱️ Entrada e Saída'!$J$4:$J$507="")*IF($H$4="",1,TEXT('⏱️ Entrada e Saída'!$F$4:$F$507,"DD/MM")=TEXT($H$4,"DD/MM")))) -> 0 | D26: =IF(OR(A26="",A26=0),"",SUMPRODUCT(('⏱️ Entrada e Saída'!$C$4:$C$507=A26)*('⏱️ Entrada e Saída'!$H$4:$H$507<>"")*('⏱️ Entrada e Saída'!$J$4:$J$507<>"")*IF($H$4="",1,TEXT('⏱️ Entrada e Saída'!$F$4:$F$507,"DD/MM")=TEXT($H$4,"DD/MM")))) -> 0 | E26: =IF(OR(A26="",A26=0,B26=""),"",B26-C26-D26) -> 0 | F26: =IF(OR(A26="",A26=0,B26=0,B26=""),"",(C26+D26)/B26) | G26: =IF(OR(A26="",A26=0),"",SUMPRODUCT(('⏱️ Entrada e Saída'!$C$4:$C$507=A26)*('⏱️ Entrada e Saída'!$L$4:$L$507="✅ Finalizado")*IF($H$4="",1,TEXT('⏱️ Entrada e Saída'!$F$4:$F$507,"dd/mm")=TEXT($H$4,"dd/mm"))*IFERROR(VALUE('⏱️ Entrada e Saída'!$K$4:$K$507),0))) -> 0
A27: ='📋 Empresas'!B13 -> FABINHO EVENTOS | B27: =IF(OR(A27="",A27=0),"",SUMPRODUCT(('⏱️ Entrada e Saída'!$C$4:$C$507=A27)*IF($H$4="",1,TEXT('⏱️ Entrada e Saída'!$F$4:$F$507,"DD/MM")=TEXT($H$4,"DD/MM")))) -> 0 | C27: =IF(OR(A27="",A27=0),"",SUMPRODUCT(('⏱️ Entrada e Saída'!$C$4:$C$507=A27)*('⏱️ Entrada e Saída'!$H$4:$H$507<>"")*('⏱️ Entrada e Saída'!$J$4:$J$507="")*IF($H$4="",1,TEXT('⏱️ Entrada e Saída'!$F$4:$F$507,"DD/MM")=TEXT($H$4,"DD/MM")))) -> 0 | D27: =IF(OR(A27="",A27=0),"",SUMPRODUCT(('⏱️ Entrada e Saída'!$C$4:$C$507=A27)*('⏱️ Entrada e Saída'!$H$4:$H$507<>"")*('⏱️ Entrada e Saída'!$J$4:$J$507<>"")*IF($H$4="",1,TEXT('⏱️ Entrada e Saída'!$F$4:$F$507,"DD/MM")=TEXT($H$4,"DD/MM")))) -> 0 | E27: =IF(OR(A27="",A27=0,B27=""),"",B27-C27-D27) -> 0 | F27: =IF(OR(A27="",A27=0,B27=0,B27=""),"",(C27+D27)/B27) | G27: =IF(OR(A27="",A27=0),"",SUMPRODUCT(('⏱️ Entrada e Saída'!$C$4:$C$507=A27)*('⏱️ Entrada e Saída'!$L$4:$L$507="✅ Finalizado")*IF($H$4="",1,TEXT('⏱️ Entrada e Saída'!$F$4:$F$507,"dd/mm")=TEXT($H$4,"dd/mm"))*IFERROR(VALUE('⏱️ Entrada e Saída'!$K$4:$K$507),0))) -> 0
A28: ='📋 Empresas'!B14 -> LINQ | B28: =IF(OR(A28="",A28=0),"",SUMPRODUCT(('⏱️ Entrada e Saída'!$C$4:$C$507=A28)*IF($H$4="",1,TEXT('⏱️ Entrada e Saída'!$F$4:$F$507,"DD/MM")=TEXT($H$4,"DD/MM")))) -> 0 | C28: =IF(OR(A28="",A28=0),"",SUMPRODUCT(('⏱️ Entrada e Saída'!$C$4:$C$507=A28)*('⏱️ Entrada e Saída'!$H$4:$H$507<>"")*('⏱️ Entrada e Saída'!$J$4:$J$507="")*IF($H$4="",1,TEXT('⏱️ Entrada e Saída'!$F$4:$F$507,"DD/MM")=TEXT($H$4,"DD/MM")))) -> 0 | D28: =IF(OR(A28="",A28=0),"",SUMPRODUCT(('⏱️ Entrada e Saída'!$C$4:$C$507=A28)*('⏱️ Entrada e Saída'!$H$4:$H$507<>"")*('⏱️ Entrada e Saída'!$J$4:$J$507<>"")*IF($H$4="",1,TEXT('⏱️ Entrada e Saída'!$F$4:$F$507,"DD/MM")=TEXT($H$4,"DD/MM")))) -> 0 | E28: =IF(OR(A28="",A28=0,B28=""),"",B28-C28-D28) -> 0 | F28: =IF(OR(A28="",A28=0,B28=0,B28=""),"",(C28+D28)/B28) | G28: =IF(OR(A28="",A28=0),"",SUMPRODUCT(('⏱️ Entrada e Saída'!$C$4:$C$507=A28)*('⏱️ Entrada e Saída'!$L$4:$L$507="✅ Finalizado")*IF($H$4="",1,TEXT('⏱️ Entrada e Saída'!$F$4:$F$507,"dd/mm")=TEXT($H$4,"dd/mm"))*IFERROR(VALUE('⏱️ Entrada e Saída'!$K$4:$K$507),0))) -> 0
A29: ='📋 Empresas'!B15 -> ELEMENT | B29: =IF(OR(A29="",A29=0),"",SUMPRODUCT(('⏱️ Entrada e Saída'!$C$4:$C$507=A29)*IF($H$4="",1,TEXT('⏱️ Entrada e Saída'!$F$4:$F$507,"DD/MM")=TEXT($H$4,"DD/MM")))) -> 0 | C29: =IF(OR(A29="",A29=0),"",SUMPRODUCT(('⏱️ Entrada e Saída'!$C$4:$C$507=A29)*('⏱️ Entrada e Saída'!$H$4:$H$507<>"")*('⏱️ Entrada e Saída'!$J$4:$J$507="")*IF($H$4="",1,TEXT('⏱️ Entrada e Saída'!$F$4:$F$507,"DD/MM")=TEXT($H$4,"DD/MM")))) -> 0 | D29: =IF(OR(A29="",A29=0),"",SUMPRODUCT(('⏱️ Entrada e Saída'!$C$4:$C$507=A29)*('⏱️ Entrada e Saída'!$H$4:$H$507<>"")*('⏱️ Entrada e Saída'!$J$4:$J$507<>"")*IF($H$4="",1,TEXT('⏱️ Entrada e Saída'!$F$4:$F$507,"DD/MM")=TEXT($H$4,"DD/MM")))) -> 0 | E29: =IF(OR(A29="",A29=0,B29=""),"",B29-C29-D29) -> 0 | F29: =IF(OR(A29="",A29=0,B29=0,B29=""),"",(C29+D29)/B29) | G29: =IF(OR(A29="",A29=0),"",SUMPRODUCT(('⏱️ Entrada e Saída'!$C$4:$C$507=A29)*('⏱️ Entrada e Saída'!$L$4:$L$507="✅ Finalizado")*IF($H$4="",1,TEXT('⏱️ Entrada e Saída'!$F$4:$F$507,"dd/mm")=TEXT($H$4,"dd/mm"))*IFERROR(VALUE('⏱️ Entrada e Saída'!$K$4:$K$507),0))) -> 0
... A70: ='📋 Empresas'!B56 -> PUBLIC ADDRESS | B70: =IF(OR(A70="",A70=0),"",SUMPRODUCT(('⏱️ Entrada e Saída'!$C$4:$C$507=A70)*IF($H$4="",1,TEXT('⏱️ Entrada e Saída'!$F$4:$F$507,"DD/MM")=TEXT($H$4,"DD/MM")))) -> 0 | C70: =IF(OR(A70="",A70=0),"",SUMPRODUCT(('⏱️ Entrada e Saída'!$C$4:$C$507=A70)*('⏱️ Entrada e Saída'!$H$4:$H$507<>"")*('⏱️ Entrada e Saída'!$J$4:$J$507="")*IF($H$4="",1,TEXT('⏱️ Entrada e Saída'!$F$4:$F$507,"DD/MM")=TEXT($H$4,"DD/MM")))) -> 0 | D70: =IF(OR(A70="",A70=0),"",SUMPRODUCT(('⏱️ Entrada e Saída'!$C$4:$C$507=A70)*('⏱️ Entrada e Saída'!$H$4:$H$507<>"")*('⏱️ Entrada e Saída'!$J$4:$J$507<>"")*IF($H$4="",1,TEXT('⏱️ Entrada e Saída'!$F$4:$F$507,"DD/MM")=TEXT($H$4,"DD/MM")))) -> 0 | E70: =IF(OR(A70="",A70=0,B70=""),"",B70-C70-D70) -> 0 | F70: =IF(OR(A70="",A70=0,B70=0,B70=""),"",(C70+D70)/B70) | G70: =IF(OR(A70="",A70=0),"",SUMPRODUCT(('⏱️ Entrada e Saída'!$C$4:$C$507=A70)*('⏱️ Entrada e Saída'!$L$4:$L$507="✅ Finalizado")*IF($H$4="",1,TEXT('⏱️ Entrada e Saída'!$F$4:$F$507,"dd/mm")=TEXT($H$4,"dd/mm"))*IFERROR(VALUE('⏱️ Entrada e Saída'!$K$4:$K$507),0))) -> 0
A72: 📌 INSTRUÇÕES DE USO
A73: 1. | B73: Aba '📋 Empresas': cadastre todas as empresas prestadoras.
A74: 2. | B74: Aba '👥 Funcionários': cadastre funcionários. Use o dropdown para selecionar a empresa.
A75: 3. | B75: Aba '⏱️ Entrada e Saída': selecione o FUNCIONÁRIO pelo dropdown (col B). EMPRESA, FUNÇÃO e COORD preenchem automaticamente.
A76: 4. | B76: Registre a DATA e clique nos campos de ENTRADA / SAÍDA para registrar o horário (formato HH:MM).
A77: 5. | B77: As colunas HORAS e STATUS são calculadas automaticamente.
A78: 6. | B78: Neste painel, use a célula amarela H3/H4 para filtrar por data. Vazio = todos os dias.

Sheet ✉️ Mensagem Padrão
A1: ✉️ MODELO DE MENSAGEM — CREDENCIAMENTO
A6: 📢 | B6: MENSAGEM PADRÃO PARA ENVIO ÀS EMPRESAS:
B8: Prezado(a) responsável,
B10: Peço que todas as empresas encaminhem os dados completos dos colaboradores que irão
B11: participar do credenciamento, preenchendo todas as informações corretamente e sem
B12: faltar nenhum dado.
B14: Ressalto também que, caso haja qualquer alteração de colaborador, substituição ou
B15: mudança de informações, é indispensável que seja avisado com antecedência, para
B16: evitar problemas no credenciamento e no acesso ao evento.
B18: Todos os colaboradores que irão trabalhar precisam estar devidamente informados na
B19: lista, com os dados corretos e atualizados.
B21: Conto com a colaboração de todos para mantermos a organização e agilidade no processo.
B22: Obrigado!
A24: 🚨 | B24: ATENÇÃO: COLOQUEM O NOME DA EMPRESA, RESPONSÁVEL E DESTAQUEM QUEM SÃO OS
B25: COORDENADORES, PARA QUE NÃO HAJA NENHUMA DIVERGÊNCIA NO CREDENCIAMENTO! 🚨
A27: 📋 | B27: DADOS NECESSÁRIOS POR COLABORADOR:
A29: ✅ | B29: Nome completo
A30: ✅ | B30: CPF
A31: ✅ | B31: Função / Cargo
A32: ✅ | B32: Área de acesso
A33: ✅ | B33: Telefone de contato
A34: ✅ | B34: Indicar se é COORDENADOR (SIM / NÃO)
A35: ✅ | B35: Horário previsto de entrada e saída
A37: ⚠️ | B37: Informações incompletas ou divergentes podem impedir o acesso ao evento.
